Original_SMILES,New_SMILES,ID,Catalog ID,Collection,"Price(3 umol), USD",Lead time,canonical_smiles,most_similar_index,tanimoto_similarity,compound_rank,Enamine catalog ID_q,Participant ID,rank,smiles,Enamine catalog ID_local,mol_weight,logP,PAINS passed [y/n],Method,MMGBSA,Wim Recc.,Jude Recc.,similar_to,similarity_scores,bad_apples
CC=1C=C(C)N=C(C1)C(=O)NC=2C=CC=C(C2)C(C)(C)C=3N=NNN3,CC=1C=C(C)N=C(C1)C(=O)NC=2C=CC=C(C2)C(C)(C)C=3N=NNN3,C-1972-19,Z8740153266,mRDB,125.2,5-6 weeks,Cc1cc(C)nc(C(=O)Nc2cccc(C(C)(C)c3nn[nH]n3)c2)c1,18.0,0.65,19,PV-002939864165,1972,19,Cc1cc(C)nc(C(=O)Nc2cccc(C(C)(C)c3nnn[nH]3)c2)c1,PV-002939864165,336.39899,3.9555924,y,wim pharmacophore,-999.0,1.0,,,,No pScore
NCC1(CC1)C=2C=CC=C(C2)C(=O)NC=3C=CC=C(C3)C(F)(F)CF,NCC1(CC1)C=2C=CC=C(C2)C(=O)NC=3C=CC=C(C3)C(F)(F)CF,C-1972-147,Z8740154405,mRDB,125.2,5-6 weeks,NCC1(c2cccc(C(=O)Nc3cccc(C(F)(F)CF)c3)c2)CC1,146.0,0.7971014492753623,147,PV-003136762018,1972,147,[NH3+]CC1(c2cccc(C(=O)Nc3cccc(C(F)(F)CF)c3)c2)CC1,PV-003136762018,349.376,3.2737,y,classifier REAL + MMGBSA + amine,-49.77,,,,,No pScore
C[C@H](O)C=1C=CC=C(NC(=O)C=2C=CC=C(C2)C3(CN)CC3)C1,C[C@H](O)C=1C=CC=C(NC(=O)C=2C=CC=C(C2)C3(CN)CC3)C1,C-1972-142,Z8740154122,sRDB,83.2,5-6 weeks,C[C@H](O)c1cccc(NC(=O)c2cccc(C3(CN)CC3)c2)c1,141.0,0.7910447761194029,142,PV-003223205824,1972,142,C[C@H](O)c1cccc(NC(=O)c2cccc(C3(C[NH3+])CC3)c2)c1,PV-003223205824,311.405,2.2657,y,classifier REAL + MMGBSA + amine,-52.58,,,,,No pScore
CC=1C=C(N=C(C)N1)C(=O)NC=2C=CC=C(C2)C(C)(C)C=3N=NNN3,CC=1C=C(N=C(C)N1)C(=O)NC=2C=CC=C(C2)C(C)(C)C=3N=NNN3,C-1972-20,Z8740153286,mRDB,125.2,5-6 weeks,Cc1cc(C(=O)Nc2cccc(C(C)(C)c3nn[nH]n3)c2)nc(C)n1,19.0,0.6455696202531646,20,PV-003467937726,1972,20,Cc1cc(C(=O)Nc2cccc(C(C)(C)c3nnn[nH]3)c2)nc(C)n1,PV-003467937726,337.38699,3.2760222,y,wim pharmacophore,-999.0,1.0,,,,No pScore
CC(C)(C=1N=NNN1)C=2C=CC=C(NC(=O)C=3C=CC=C(CN4CCCC4)C3)C2,CC(C)(C=1N=NNN1)C=2C=CC=C(NC(=O)C=3C=CC=C(CN4CCCC4)C3)C2,C-1972-18,Z8740153242,mRDB,125.2,5-6 weeks,CC(C)(c1cccc(NC(=O)c2cccc(CN3CCCC3)c2)c1)c1nn[nH]n1,17.0,0.6956521739130435,18,PV-004216514549,1972,18,CC(C)(c1cccc(NC(=O)c2cccc(CN3CCCC3)c2)c1)c1nnn[nH]1,PV-004216514549,390.491,2.9715157,y,wim pharmacophore,-999.0,1.0,,,,No pScore
CC(C)(C=1N=NNN1)C=2C=CC=C(NC(=O)C=3C=CC(CN4CCCC4)=CC3)C2,CC(C)(C=1N=NNN1)C=2C=CC=C(NC(=O)C=3C=CC(CN4CCCC4)=CC3)C2,C-1972-15,Z8740153173,mRDB,125.2,5-6 weeks,CC(C)(c1cccc(NC(=O)c2ccc(CN3CCCC3)cc2)c1)c1nn[nH]n1,14.0,0.6818181818181818,15,PV-005418440569,1972,15,CC(C)(c1cccc(NC(=O)c2ccc(CN3CCCC3)cc2)c1)c1nnn[nH]1,PV-005418440569,390.491,2.3346574,y,wim pharmacophore,-999.0,1.0,,,,No pScore
CC1OC=2C=CC(NC(=O)C3=CC=4COC=5C=CC=CC5C4S3)=CC2NC1=O,CC1OC=2C=CC(NC(=O)C3=CC=4COC=5C=CC=CC5C4S3)=CC2NC1=O,C-1972-08,Z110098782,HTS,12.7,2-3 weeks,CC1Oc2ccc(NC(=O)c3cc4c(s3)-c3ccccc3OC4)cc2NC1=O,7.0,1.0,8,Z110098782,1972,8,CC1Oc2ccc(NC(=O)c3cc4c(s3)-c3ccccc3OC4)cc2NC1=O,Z110098782,392.436,4.2792,y,vina + fingerprints,-999.0,1.0,,,,No pScore
CC=1C=C(C)N2N=CC(C3=NOC(=N3)C4CCOC=5C=CC=CC45)=C2N1,CC=1C=C(C)N2N=CC(C3=NOC(=N3)C4CCOC=5C=CC=CC45)=C2N1,C-1972-09,Z1170087494,HTS,12.7,2-3 weeks,Cc1cc(C)n2ncc(-c3noc(C4CCOc5ccccc54)n3)c2n1,8.0,1.0,9,Z1170087494,1972,9,Cc1cc(C)n2ncc(-c3noc(C4CCOc5ccccc54)n3)c2n1,Z1170087494,347.378,3.31054,y,vina + fingerprints,-999.0,1.0,,,,No pScore
COC=1C=CC(=CC1)C2CCCCCN2CCC(=O)NC=3C=CC(=CC3)N4CCCC4=O,COC=1C=CC(=CC1)C2CCCCCN2CCC(=O)NC=3C=CC(=CC3)N4CCCC4=O,C-1972-112,Z126474592,HTS,12.7,2-3 weeks,COc1ccc(C2CCCCCN2CCC(=O)Nc2ccc(N3CCCC3=O)cc2)cc1,111.0,0.5384615384615384,112,Z126474592,1972,112,COc1ccc(C2CCCCC[NH+]2CCC(=O)Nc2ccc(N3CCCC3=O)cc2)cc1,Z126474592,436.576,3.3508,y,vina + MMGBSA,-60.66,,,,,No pScore
FC=1C=CC=2SCCC(NC(=O)C=3C=CC(NS(=O)(=O)C=4C=CC=5NC(=O)NC5C4)=CC3)C2C1,FC=1C=CC=2SCCC(NC(=O)C=3C=CC(NS(=O)(=O)C=4C=CC=5NC(=O)NC5C4)=CC3)C2C1,C-1972-90,Z131483750,HTS,12.7,2-3 weeks,O=C(NC1CCSc2ccc(F)cc21)c1ccc(NS(=O)(=O)c2ccc3[nH]c(=O)[nH]c3c2)cc1,89.0,1.0,90,Z131483750,1972,90,O=C(NC1CCSc2ccc(F)cc21)c1ccc(NS(=O)(=O)c2ccc3[nH]c(=O)[nH]c3c2)cc1,Z131483750,498.561,3.763,y,vina + MMGBSA,-63.21,,,,,No pScore
CC=1C=CC(=CC1)C2=NN=C(O2)C=3C=CC(=CC3)C(=O)NCC=4C=CC=CC4CN5CCCC5,CC=1C=CC(=CC1)C2=NN=C(O2)C=3C=CC(=CC3)C(=O)NCC=4C=CC=CC4CN5CCCC5,C-1972-97,Z147088942,HTS,12.7,2-3 weeks,Cc1ccc(-c2nnc(-c3ccc(C(=O)NCc4ccccc4CN4CCCC4)cc3)o2)cc1,96.0,0.6463414634146342,97,Z147088942,1972,97,Cc1ccc(-c2nnc(-c3ccc(C(=O)NCc4ccccc4C[NH+]4CCCC4)cc3)o2)cc1,Z147088942,453.566,3.82072,y,vina + MMGBSA,-62.14,,,,,No pScore
C(NC=1N=CN=C2N(N=CC12)C=3N=CC=CN3)C(C=4C=CC=CC4)C=5C=CC=CC5,C(NC=1N=CN=C2N(N=CC12)C=3N=CC=CN3)C(C=4C=CC=CC4)C=5C=CC=CC5,C-1972-118,Z1502689706,HTS,12.7,2-3 weeks,c1ccc(C(CNc2ncnc3c2cnn3-c2ncccn2)c2ccccc2)cc1,117.0,1.0,118,Z1502689706,1972,118,c1ccc(C(CNc2ncnc3c2cnn3-c2ncccn2)c2ccccc2)cc1,Z1502689706,393.454,3.8495,y,vina + MMGBSA,-60.49,,,,,No pScore
FC=1C=CC(=CC1)C2=CN=C(CN3CCCC3CN4C=NC=5C=CC=CC45)O2,FC=1C=CC(=CC1)C2=CN=C(CN3CCCC3CN4C=NC=5C=CC=CC45)O2,C-1972-99,Z1523151619,HTS,12.7,2-3 weeks,Fc1ccc(-c2cnc(CN3CCCC3Cn3cnc4ccccc43)o2)cc1,98.0,0.5588235294117647,99,Z1523151619,1972,99,Fc1ccc(-c2cnc(C[NH+]3CCCC3Cn3cnc4ccccc43)o2)cc1,Z1523151619,377.443,3.0779,y,vina + MMGBSA,-61.7,,,,,No pScore
O=C(CSC1=NN=C(O1)C2=NN(CC=3C=CC=CC3)C(=O)C=4C=CC=CC24)N5CCNC5=O,O=C(CSC1=NN=C(O1)C2=NN(CC=3C=CC=CC3)C(=O)C=4C=CC=CC24)N5CCNC5=O,C-1972-137,Z15434645,HTS,12.7,2-3 weeks,O=C(CSc1nnc(-c2nn(Cc3ccccc3)c(=O)c3ccccc23)o1)N1CCNC1=O,136.0,0.6836734693877551,137,Z15434645,1972,137,O=C(CSc1nnc(-c2nn(Cc3ccccc3)c(=O)c3ccccc23)o1)n1cc[nH]c1=O,Z15434645,460.475,2.4171,y,vina + MMGBSA,-59.13,,,,,No pScore
CC(SC1=NN=C(O1)C=2C=C(N=C3C=CC=CC23)C4=CC=CS4)C(=O)C5=C(N)N(C)C(=O)N(C)C5=O,CC(SC1=NN=C(O1)C=2C=C(N=C3C=CC=CC23)C4=CC=CS4)C(=O)C5=C(N)N(C)C(=O)N(C)C5=O,C-1972-120,Z15436840,HTS,12.7,2-3 weeks,CC(Sc1nnc(-c2cc(-c3cccs3)nc3ccccc23)o1)C(=O)c1c(N)n(C)c(=O)n(C)c1=O,119.0,1.0,120,Z15436840,1972,120,CC(Sc1nnc(-c2cc(-c3cccs3)nc3ccccc23)o1)C(=O)c1c(N)n(C)c(=O)n(C)c1=O,Z15436840,520.596,3.3564,y,vina + MMGBSA,-60.43,,,,,No pScore
O=C(NCC1=NC(=CN1)C=2C=CC=C(C#N)C2)C3CCC4CCCCC4C3,O=C(NCC1=NC(=CN1)C=2C=CC=C(C#N)C2)C3CCC4CCCCC4C3,C-1972-03,Z1549121910,HTS,12.7,2-3 weeks,N#Cc1cccc(-c2c[nH]c(CNC(=O)C3CCC4CCCCC4C3)n2)c1,2.0,1.0,3,Z1549121910,1972,3,N#Cc1cccc(-c2c[nH]c(CNC(=O)C3CCC4CCCCC4C3)n2)c1,Z1549121910,362.477,4.17108,y,vina + fingerprints,-999.0,1.0,,,,No pScore
CC1(C)N(C(=O)COC(=O)C2=NN(CC=3C=CC=CC3)C(=O)C=4C=CC=CC24)C=5C=CC=CC5NC1=O,CC1(C)N(C(=O)COC(=O)C2=NN(CC=3C=CC=CC3)C(=O)C=4C=CC=CC24)C=5C=CC=CC5NC1=O,C-1972-69,Z15497168,HTS,12.7,2-3 weeks,CC1(C)C(=O)Nc2ccccc2N1C(=O)COC(=O)c1nn(Cc2ccccc2)c(=O)c2ccccc12,68.0,1.0,69,Z15497168,1972,69,CC1(C)C(=O)Nc2ccccc2N1C(=O)COC(=O)c1nn(Cc2ccccc2)c(=O)c2ccccc12,Z15497168,496.523,3.3655,y,vina + MMGBSA,-67.24,,,,,No pScore
NC(=O)C=1C=CC(N2CCCC2)=C(NC(=O)C=3C=CC=4NC(=O)CCC4C3)C1,NC(=O)C=1C=CC(N2CCCC2)=C(NC(=O)C=3C=CC=4NC(=O)CCC4C3)C1,C-1972-139,Z165037048,HTS,12.7,2-3 weeks,NC(=O)c1ccc(N2CCCC2)c(NC(=O)c2ccc3c(c2)CCC(=O)N3)c1,138.0,1.0,139,Z165037048,1972,139,NC(=O)c1ccc(N2CCCC2)c(NC(=O)c2ccc3c(c2)CCC(=O)N3)c1,Z165037048,378.432,2.5227,y,vina + MMGBSA,-58.98,,,,,No pScore
CC1CN(CC(C)O1)S(=O)(=O)C=2C=CC=C(C2)C(=O)NC(C3=NC=CN3C)C=4C=CC=C(F)C4,CC1CN(CC(C)O1)S(=O)(=O)C=2C=CC=C(C2)C(=O)NC(C3=NC=CN3C)C=4C=CC=C(F)C4,C-1972-104,Z167565772,HTS,12.7,2-3 weeks,CC1CN(S(=O)(=O)c2cccc(C(=O)NC(c3cccc(F)c3)c3nccn3C)c2)CC(C)O1,103.0,1.0,104,Z167565772,1972,104,CC1CN(S(=O)(=O)c2cccc(C(=O)NC(c3cccc(F)c3)c3nccn3C)c2)CC(C)O1,Z167565772,486.569,2.8765,y,vina + MMGBSA,-61.19,,,,,No pScore
CC1CN(CC(C)O1)S(=O)(=O)C=2C=CC=C(C2)C(=O)NC(C3=NC=CN3C)C=4C=CC=CC4F,CC1CN(CC(C)O1)S(=O)(=O)C=2C=CC=C(C2)C(=O)NC(C3=NC=CN3C)C=4C=CC=CC4F,C-1972-132,Z167572918,HTS,12.7,2-3 weeks,CC1CN(S(=O)(=O)c2cccc(C(=O)NC(c3ccccc3F)c3nccn3C)c2)CC(C)O1,131.0,1.0,132,Z167572918,1972,132,CC1CN(S(=O)(=O)c2cccc(C(=O)NC(c3ccccc3F)c3nccn3C)c2)CC(C)O1,Z167572918,486.569,2.8765,y,vina + MMGBSA,-59.63,,,,,No pScore
CN(C=1C=CC=CC1)S(=O)(=O)C=2C=CC=C(NC(=O)COC=3C=CC=C(C3)N4C=NN=N4)C2,CN(C=1C=CC=CC1)S(=O)(=O)C=2C=CC=C(NC(=O)COC=3C=CC=C(C3)N4C=NN=N4)C2,C-1972-110,Z16884331,HTS,12.7,2-3 weeks,CN(c1ccccc1)S(=O)(=O)c1cccc(NC(=O)COc2cccc(-n3cnnn3)c2)c1,109.0,1.0,110,Z16884331,1972,110,CN(c1ccccc1)S(=O)(=O)c1cccc(NC(=O)COc2cccc(-n3cnnn3)c2)c1,Z16884331,464.507,2.5049,y,vina + MMGBSA,-60.81,,,,,No pScore
CN1CCN(CC1)C(C2=NC(=NO2)C=3C=CC(OC=4C=CC(F)=CC4)=NC3)C=5C=CC=CC5,CN1CCN(CC1)C(C2=NC(=NO2)C=3C=CC(OC=4C=CC(F)=CC4)=NC3)C=5C=CC=CC5,C-1972-83,Z1908278290,HTS,12.7,2-3 weeks,CN1CCN(C(c2ccccc2)c2nc(-c3ccc(Oc4ccc(F)cc4)nc3)no2)CC1,82.0,0.7752808988764045,83,Z1908278290,1972,83,C[NH+]1CCN(C(c2ccccc2)c2nc(-c3ccc(Oc4ccc(F)cc4)nc3)no2)CC1,Z1908278290,446.506,2.9827,y,vina + MMGBSA,-64.27,,,,,No pScore
CN1CCC=2N=C(C=CC=3C=CC=C(OCC=4C=CC=C(C#N)C4)C3)NC(=O)C2C1,CN1CCC=2N=C(C=CC=3C=CC=C(OCC=4C=CC=C(C#N)C4)C3)NC(=O)C2C1,C-1972-81,Z2026306780,HTS,12.7,2-3 weeks,CN1CCc2nc(C=Cc3cccc(OCc4cccc(C#N)c4)c3)[nH]c(=O)c2C1,80.0,0.6857142857142857,81,Z2026306780,1972,81,C[NH+]1CCc2nc(C=Cc3cccc(OCc4cccc(C#N)c4)c3)[nH]c(=O)c2C1,Z2026306780,399.474,1.96178,y,vina + MMGBSA,-64.55,,,,,No pScore
NCC1CCCN(C1)C(=O)C=2C=CC=C(OCC3=CSC=N3)C2,NCC1CCCN(C1)C(=O)C=2C=CC=C(OCC3=CSC=N3)C2,C-1972-22,Z2301730404,sRDB,83.2,5-6 weeks,NCC1CCCN(C(=O)c2cccc(OCc3cscn3)c2)C1,21.0,0.8,22,Z2301730404,1972,22,[NH3+]C[C@@H]1CCCN(C(=O)c2cccc(OCc3cscn3)c2)C1,Z2301730404,331.42999,1.29164,y,wim pharmacophore,-999.0,1.0,,,,No pScore
CN1C=CN=C1COC=2C=CC(=CC2)C(=O)N3CCCC(CN)C3,CN1C=CN=C1COC=2C=CC(=CC2)C(=O)N3CCCC(CN)C3,C-1972-24,Z2440037276,sRDB,83.2,5-6 weeks,Cn1ccnc1COc1ccc(C(=O)N2CCCC(CN)C2)cc1,23.0,0.7972972972972973,24,Z2440037276,1972,24,Cn1ccnc1COc1ccc(C(=O)N2CCC[C@H](C[NH3+])C2)cc1,Z2440037276,328.41599,0.72974783,y,wim pharmacophore,-999.0,1.0,,,,No pScore
CC1=NC(COC=2C=CC=C(C2)C(=O)N3CCCC(CN)C3)=NO1,CC1=NC(COC=2C=CC=C(C2)C(=O)N3CCCC(CN)C3)=NO1,C-1972-32,Z2440040050,sRDB,83.2,5-6 weeks,Cc1nc(COc2cccc(C(=O)N3CCCC(CN)C3)c2)no1,31.0,0.8072289156626506,32,Z2440040050,1972,32,Cc1nc(COc2cccc(C(=O)N3CCC[C@H](C[NH3+])C3)c2)no1,Z2440040050,330.388,0.958534,y,wim pharmacophore,-999.0,1.0,,Z3144506726,0.89,No pScore
O=C(NC=1C=CC=C(CN2CCCC2)C1)C3(CCCCC3)N4C=NN=N4,O=C(NC=1C=CC=C(CN2CCCC2)C1)C3(CCCCC3)N4C=NN=N4,C-1972-29,Z2473316968,sRDB,83.2,5-6 weeks,O=C(Nc1cccc(CN2CCCC2)c1)C1(n2cnnn2)CCCCC1,28.0,0.6428571428571429,29,Z2473316968,1972,29,O=C(Nc1cccc(C[NH+]2CCCC2)c1)C1(n2cnnn2)CCCCC1,Z2473316968,354.45801,2.6396089,y,wim pharmacophore,-999.0,1.0,,Z2473323915|Z2621742909|Z2621693915,0.96|0.86|0.89,No pScore
O=C(NC=1C=CC=C(CN2CCCCC2)C1)C3(CCCCC3)N4C=NN=N4,O=C(NC=1C=CC=C(CN2CCCCC2)C1)C3(CCCCC3)N4C=NN=N4,C-1972-25,Z2473323915,sRDB,83.2,5-6 weeks,O=C(Nc1cccc(CN2CCCCC2)c1)C1(n2cnnn2)CCCCC1,28.0,0.6352941176470588,25,Z2473323915,1972,25,O=C(Nc1cccc(C[NH+]2CCCCC2)c1)C1(n2cnnn2)CCCCC1,Z2473323915,368.48499,3.0841775,y,wim pharmacophore,-999.0,1.0,,Z2473316968|Z2621742909|Z2621693915,0.96|0.9|0.85,No pScore
O=C(NC=1C=CC=C(CN2CCCC2)C1)C3(CC3)N4C=NN=N4,O=C(NC=1C=CC=C(CN2CCCC2)C1)C3(CC3)N4C=NN=N4,C-1972-33,Z2621693915,sRDB,83.2,5-6 weeks,O=C(Nc1cccc(CN2CCCC2)c1)C1(n2cnnn2)CC1,32.0,0.6282051282051282,33,Z2621693915,1972,33,O=C(Nc1cccc(C[NH+]2CCCC2)c1)C1(n2cnnn2)CC1,Z2621693915,312.37701,1.3059028,y,wim pharmacophore,-999.0,1.0,,Z2473323915|Z2621693769|Z2473316968|Z2621742909,0.85|0.85|0.89|0.94,No pScore
O=C(NC=1C=CC=C(CN2CCCCC2)C1)C=3C=CC=C(CN4C=CN=N4)C3,O=C(NC=1C=CC=C(CN2CCCCC2)C1)C=3C=CC=C(CN4C=CN=N4)C3,C-1972-13,Z2621742679,sRDB,83.2,5-6 weeks,O=C(Nc1cccc(CN2CCCCC2)c1)c1cccc(Cn2ccnn2)c1,12.0,0.6590909090909091,13,Z2621742679,1972,13,O=C(Nc1cccc(C[NH+]2CCCCC2)c1)c1cccc(Cn2ccnn2)c1,Z2621742679,375.47601,3.628351,y,wim pharmacophore,-999.0,1.0,,,,High pScore
O=C(NC=1C=CC=C(CN2CCCCC2)C1)C3(CC3)N4C=NN=N4,O=C(NC=1C=CC=C(CN2CCCCC2)C1)C3(CC3)N4C=NN=N4,C-1972-31,Z2621742909,sRDB,83.2,5-6 weeks,O=C(Nc1cccc(CN2CCCCC2)c1)C1(n2cnnn2)CC1,30.0,0.6172839506172839,31,Z2621742909,1972,31,O=C(Nc1cccc(C[NH+]2CCCCC2)c1)C1(n2cnnn2)CC1,Z2621742909,326.40399,1.7504715,y,wim pharmacophore,-999.0,1.0,,Z2473323915|Z2621693769|Z2473316968|Z2621693915,0.9|0.8|0.86|0.94,No pScore
CC1CCCN(CC=2C=CC(NC(=O)C=3C=CC=C(CN4C=CN=N4)C3)=CC2)C1,CC1CCCN(CC=2C=CC(NC(=O)C=3C=CC=C(CN4C=CN=N4)C3)=CC2)C1,C-1972-14,Z2622538469,sRDB,83.2,5-6 weeks,CC1CCCN(Cc2ccc(NC(=O)c3cccc(Cn4ccnn4)c3)cc2)C1,13.0,0.6161616161616161,14,Z2622538469,1972,14,C[C@@H]1CCC[N@H+](Cc2ccc(NC(=O)c3cccc(Cn4ccnn4)c3)cc2)C1,Z2622538469,389.50299,3.9933236,y,wim pharmacophore,-999.0,1.0,,,,High pScore
CC(C1CC2CCC1C2)N3C(=O)N(CC(=O)NC=4C=CC=5OCCOC5C4)C(=O)C3=O,CC(C1CC2CCC1C2)N3C(=O)N(CC(=O)NC=4C=CC=5OCCOC5C4)C(=O)C3=O,C-1972-136,Z26303988,HTS,12.7,2-3 weeks,CC(C1CC2CCC1C2)N1C(=O)C(=O)N(CC(=O)Nc2ccc3c(c2)OCCO3)C1=O,135.0,1.0,136,Z26303988,1972,136,CC(C1CC2CCC1C2)N1C(=O)C(=O)N(CC(=O)Nc2ccc3c(c2)OCCO3)C1=O,Z26303988,427.457,2.0118,y,vina + MMGBSA,-59.44,,,,,No pScore
CCN(CC)CCNC(=O)C=1C=CC(NC(=O)C2C=3C=CC=CC3OC=4C=CC=CC24)=CC1,CCN(CC)CCNC(=O)C=1C=CC(NC(=O)C2C=3C=CC=CC3OC=4C=CC=CC24)=CC1,C-1972-64,Z26393337,HTS,12.7,2-3 weeks,CCN(CC)CCNC(=O)c1ccc(NC(=O)C2c3ccccc3Oc3ccccc32)cc1,63.0,0.7012987012987013,64,Z26393337,1972,64,CC[NH+](CC)CCNC(=O)c1ccc(NC(=O)C2c3ccccc3Oc3ccccc32)cc1,Z26393337,444.555,3.2174,y,vina + MMGBSA,-67.74,,,,,No pScore
CCN(C=1C=CC=CC1)S(=O)(=O)C=2C=C(C=CC2C)C(=O)NCC(N3CCCCC3)C4=CC=CO4,CCN(C=1C=CC=CC1)S(=O)(=O)C=2C=C(C=CC2C)C(=O)NCC(N3CCCCC3)C4=CC=CO4,C-1972-71,Z26996491,HTS,12.7,2-3 weeks,CCN(c1ccccc1)S(=O)(=O)c1cc(C(=O)NCC(c2ccco2)N2CCCCC2)ccc1C,70.0,0.6504854368932039,71,Z26996491,1972,71,CCN(c1ccccc1)S(=O)(=O)c1cc(C(=O)NCC(c2ccco2)[NH+]2CCCCC2)ccc1C,Z26996491,496.653,3.34312,y,vina + MMGBSA,-66.91,,,,,No pScore
CC=1C=CC(C)=C(C1)N2C(=O)C=3C=CC(=CC3C2=O)C(=O)NC=4C=CC=CC4C(=O)NC5CC5,CC=1C=CC(C)=C(C1)N2C(=O)C=3C=CC(=CC3C2=O)C(=O)NC=4C=CC=CC4C(=O)NC5CC5,C-1972-114,Z27609293,HTS,12.7,2-3 weeks,Cc1ccc(C)c(N2C(=O)c3ccc(C(=O)Nc4ccccc4C(=O)NC4CC4)cc3C2=O)c1,113.0,1.0,114,Z27609293,1972,114,Cc1ccc(C)c(N2C(=O)c3ccc(C(=O)Nc4ccccc4C(=O)NC4CC4)cc3C2=O)c1,Z27609293,453.498,4.24854,y,vina + MMGBSA,-60.65,,,,,No pScore
CC=1C=C(C)C=C(C1)C(=O)NC=2C=C(C=CC2OCC(F)(F)F)S(=O)(=O)N3CCCC3,CC=1C=C(C)C=C(C1)C(=O)NC=2C=C(C=CC2OCC(F)(F)F)S(=O)(=O)N3CCCC3,C-1972-02,Z28425221,HTS,12.7,2-3 weeks,Cc1cc(C)cc(C(=O)Nc2cc(S(=O)(=O)N3CCCC3)ccc2OCC(F)(F)F)c1,1.0,1.0,2,Z28425221,1972,2,Cc1cc(C)cc(C(=O)Nc2cc(S(=O)(=O)N3CCCC3)ccc2OCC(F)(F)F)c1,Z28425221,456.486,4.28134,y,vina + fingerprints,-999.0,1.0,,,,No pScore
COC=1C=CC=CC1C(CNC(=O)C=2C=CC=3C(=O)N4CCCCCC4=NC3C2)N5CCCC5,COC=1C=CC=CC1C(CNC(=O)C=2C=CC=3C(=O)N4CCCCCC4=NC3C2)N5CCCC5,C-1972-73,Z28475766,HTS,12.7,2-3 weeks,COc1ccccc1C(CNC(=O)c1ccc2c(=O)n3c(nc2c1)CCCCC3)N1CCCC1,72.0,0.7047619047619048,73,Z28475766,1972,73,COc1ccccc1C(CNC(=O)c1ccc2c(=O)n3c(nc2c1)CCCCC3)[NH+]1CCCC1,Z28475766,461.586,2.2813,y,vina + MMGBSA,-66.43,,,,,No pScore
CC1=NOC=2N=CC(=CC12)C(=O)N3CCN(CC3)C(=O)C(C=4C=CC=CC4)C=5C=CC=CC5,CC1=NOC=2N=CC(=CC12)C(=O)N3CCN(CC3)C(=O)C(C=4C=CC=CC4)C=5C=CC=CC5,C-1972-131,Z289492786,HTS,12.7,2-3 weeks,Cc1noc2ncc(C(=O)N3CCN(C(=O)C(c4ccccc4)c4ccccc4)CC3)cc12,130.0,1.0,131,Z289492786,1972,131,Cc1noc2ncc(C(=O)N3CCN(C(=O)C(c4ccccc4)c4ccccc4)CC3)cc12,Z289492786,440.503,3.64772,y,vina + MMGBSA,-59.7,,,,,No pScore
CC=1N=C(NC(=O)CCCC2=NC=3C=CC=CC3C(=O)N2)SC1CC=4C=CC=5OCOC5C4,CC=1N=C(NC(=O)CCCC2=NC=3C=CC=CC3C(=O)N2)SC1CC=4C=CC=5OCOC5C4,C-1972-76,Z29000042,HTS,12.7,2-3 weeks,Cc1nc(NC(=O)CCCc2nc3ccccc3c(=O)[nH]2)sc1Cc1ccc2c(c1)OCO2,75.0,1.0,76,Z29000042,1972,76,Cc1nc(NC(=O)CCCc2nc3ccccc3c(=O)[nH]2)sc1Cc1ccc2c(c1)OCO2,Z29000042,462.531,3.96892,y,vina + MMGBSA,-65.42,,,,,No pScore
O=C(NC=1C=CC=C(CC=2N=NNN2)C1)C=3C=CC=C(CN4CCCC4)C3,O=C(NC=1C=CC=C(CC=2N=NNN2)C1)C=3C=CC=C(CN4CCCC4)C3,C-1972-17,Z2911313247,sRDB,83.2,5-6 weeks,O=C(Nc1cccc(Cc2nn[nH]n2)c1)c1cccc(CN2CCCC2)c1,16.0,0.6744186046511628,17,Z2911313247,1972,17,O=C(Nc1cccc(Cc2nnn[nH]2)c1)c1cccc(CN2CCCC2)c1,Z2911313247,362.43701,1.8583512,y,wim pharmacophore,-999.0,1.0,,Z4412381053,0.91,High pScore
CC(C)CN1N=C(C(=O)NNC(=O)C2=NNC(=O)C=3C=CC=CC23)C=4C=CC=CC4C1=O,CC(C)CN1N=C(C(=O)NNC(=O)C2=NNC(=O)C=3C=CC=CC23)C=4C=CC=CC4C1=O,C-1972-138,Z29576985,HTS,12.7,2-3 weeks,CC(C)Cn1nc(C(=O)NNC(=O)c2n[nH]c(=O)c3ccccc23)c2ccccc2c1=O,137.0,1.0,138,Z29576985,1972,138,CC(C)Cn1nc(C(=O)NNC(=O)c2n[nH]c(=O)c3ccccc23)c2ccccc2c1=O,Z29576985,432.44,1.3638,y,vina + MMGBSA,-59.11,,,,,Moderate pScore
CCCCN1N=C(C(=O)NC=2C=CC=C(C2)S(=O)(=O)N3CCCC3)C=4C=CC=CC4C1=O,CCCCN1N=C(C(=O)NC=2C=CC=C(C2)S(=O)(=O)N3CCCC3)C=4C=CC=CC4C1=O,C-1972-134,Z30225557,HTS,12.7,2-3 weeks,CCCCn1nc(C(=O)Nc2cccc(S(=O)(=O)N3CCCC3)c2)c2ccccc2c1=O,133.0,1.0,134,Z30225557,1972,134,CCCCn1nc(C(=O)Nc2cccc(S(=O)(=O)N3CCCC3)c2)c2ccccc2c1=O,Z30225557,454.552,3.2334,y,vina + MMGBSA,-59.54,,,,,No pScore
CN1N=C(C(=O)NC=2C=C(C=CC2Cl)S(=O)(=O)N3CCCCC3)C=4C=CC=CC4C1=O,CN1N=C(C(=O)NC=2C=C(C=CC2Cl)S(=O)(=O)N3CCCCC3)C=4C=CC=CC4C1=O,C-1972-106,Z30491927,HTS,12.7,2-3 weeks,Cn1nc(C(=O)Nc2cc(S(=O)(=O)N3CCCCC3)ccc2Cl)c2ccccc2c1=O,104.0,1.0,106,Z30491927,1972,105,Cn1nc(C(=O)Nc2cc(S(=O)(=O)N3CCCCC3)ccc2Cl)c2ccccc2c1=O,Z30491927,460.943,3.0138,y,vina + MMGBSA,-61.08,,,Z30491927,1.0,No pScore
CN1N=C(C(=O)NC=2C=C(C=CC2Cl)S(=O)(=O)N3CCCCC3)C=4C=CC=CC4C1=O,CN1N=C(C(=O)NC=2C=C(C=CC2Cl)S(=O)(=O)N3CCCCC3)C=4C=CC=CC4C1=O,C-1972-106,Z30491927,HTS,12.7,2-3 weeks,Cn1nc(C(=O)Nc2cc(S(=O)(=O)N3CCCCC3)ccc2Cl)c2ccccc2c1=O,104.0,1.0,106,Z30491927,1972,106,Cn1nc(C(=O)Nc2cc(S(=O)(=O)N3CCCCC3)ccc2Cl)c2ccccc2c1=O,Z30491927,460.943,3.0138,y,vina + MMGBSA,-61.08,,,Z30491927,1.0,No pScore
CN1C=NN=C1SC=2C=CC(NC(=O)C3(CC4(CN)C3)CO4)=CC2,CN1C=NN=C1SC=2C=CC(NC(=O)C3(CC4(CN)C3)CO4)=CC2,C-1972-21,Z3099733423,mRDB,125.2,5-6 weeks,Cn1cnnc1Sc1ccc(NC(=O)C23COC(CN)(C2)C3)cc1,20.0,0.8169014084507042,21,Z3099733423,1972,21,Cn1cnnc1Sc1ccc(NC(=O)[C@]23CO[C@](C[NH3+])(C2)C3)cc1,Z3099733423,345.42001,0.63008803,y,wim pharmacophore,-999.0,1.0,,,,No pScore
NCC1(CC2(C1)C(=O)NC=3C=CC=C(CN4C=NN=C4)C3)OC2,NCC1(CC2(C1)C(=O)NC=3C=CC=C(CN4C=NN=C4)C3)OC2,C-1972-23,Z3103871141,Advanced,20.8,2-3 weeks,NCC12CC(C(=O)Nc3cccc(Cn4cnnc4)c3)(CO1)C2,22.0,0.8142857142857143,23,Z3103871141,1972,23,[NH3+]C[C@]12C[C@](C(=O)Nc3cccc(Cn4cnnc4)c3)(CO1)C2,Z3103871141,313.36099,-0.51843834,y,wim pharmacophore,-999.0,1.0,,,,No pScore
CC1=NC(COC=2C=CC=C(C2)C(=O)N3CCCCC(CN)C3)=NO1,CC1=NC(COC=2C=CC=C(C2)C(=O)N3CCCCC(CN)C3)=NO1,C-1972-26,Z3144506726,sRDB,83.2,5-6 weeks,Cc1nc(COc2cccc(C(=O)N3CCCCC(CN)C3)c2)no1,25.0,0.8192771084337349,26,Z3144506726,1972,26,Cc1nc(COc2cccc(C(=O)N3CCCC[C@H](C[NH3+])C3)c2)no1,Z3144506726,344.41501,1.3787732,y,wim pharmacophore,-999.0,1.0,,Z2440040050,0.89,No pScore
CC(C)(C(=O)NC=1C=CC=C(CN2CCCC2)C1)N3C=NN=N3,CC(C)(C(=O)NC=1C=CC=C(CN2CCCC2)C1)N3C=NN=N3,C-1972-30,Z3295389817,sRDB,83.2,5-6 weeks,CC(C)(C(=O)Nc1cccc(CN2CCCC2)c1)n1cnnn1,29.0,0.6153846153846154,30,Z3295389817,1972,30,CC(C)(C(=O)Nc1cccc(C[NH+]2CCCC2)c1)n1cnnn1,Z3295389817,314.39301,1.6137213,y,wim pharmacophore,-999.0,1.0,,Z3295407853,0.94,Moderate pScore
CC(C)(C(=O)NC=1C=CC=C(CN2CCCCC2)C1)N3C=NN=N3,CC(C)(C(=O)NC=1C=CC=C(CN2CCCCC2)C1)N3C=NN=N3,C-1972-28,Z3295407853,sRDB,83.2,5-6 weeks,CC(C)(C(=O)Nc1cccc(CN2CCCCC2)c1)n1cnnn1,27.0,0.6049382716049383,28,Z3295407853,1972,28,CC(C)(C(=O)Nc1cccc(C[NH+]2CCCCC2)c1)n1cnnn1,Z3295407853,328.42001,2.05829,y,wim pharmacophore,-999.0,1.0,,Z3295389817,0.94,Moderate pScore
NC1CCCC21CCN(CC2)C=3C=CC(=CN3)C(=O)NC4=NN=CS4,NC1CCCC21CCN(CC2)C=3C=CC(=CN3)C(=O)NC4=NN=CS4,C-1972-01,Z3493571017,sRDB,83.2,5-6 weeks,NC1CCCC12CCN(c1ccc(C(=O)Nc3nncs3)cn1)CC2,0.0,1.0,1,Z3493571017,1972,1,NC1CCCC11CCN(CC1)C1=CC=C(C=N1)C(=O)NC1=NN=CS1,Z3493571017,,,y,pubchem pharmit - closest match infinisee,-999.0,1.0,,,,No pScore
NC1(CCOCC1)C=2C=CC=C(NC(=O)C=3C=C(C=CN3)C4CC4)C2,NC1(CCOCC1)C=2C=CC=C(NC(=O)C=3C=C(C=CN3)C4CC4)C2,C-1972-141,Z3518568935,sRDB,83.2,5-6 weeks,NC1(c2cccc(NC(=O)c3cc(C4CC4)ccn3)c2)CCOCC1,140.0,0.7037037037037037,141,Z3518568935,1972,141,[NH3+]C1(c2cccc(NC(=O)c3cc(C4CC4)ccn3)c2)CCOCC1,Z3518568935,338.431,2.4589,y,classifier REAL + MMGBSA + amine,-53.55,,,,,No pScore
CC(F)(F)C=1C=NC=C(C1)C(=O)NC=2C=C(CN)C=C(C2)C(F)(F)F,CC(F)(F)C=1C=NC=C(C1)C(=O)NC=2C=C(CN)C=C(C2)C(F)(F)F,C-1972-146,Z3792671948,sRDB,83.2,5-6 weeks,CC(F)(F)c1cncc(C(=O)Nc2cc(CN)cc(C(F)(F)F)c2)c1,145.0,0.7575757575757576,146,Z3792671948,1972,146,CC(F)(F)c1cncc(C(=O)Nc2cc(C[NH3+])cc(C(F)(F)F)c2)c1,Z3792671948,360.306,3.2063,y,classifier REAL + MMGBSA + amine,-50.63,,,,,No pScore
CN1C(=O)N(C)C=2N=C(C=CC2C1=O)C(=O)NCC(N3CCCC3)C=4C(F)=CC=CC4Cl,CN1C(=O)N(C)C=2N=C(C=CC2C1=O)C(=O)NCC(N3CCCC3)C=4C(F)=CC=CC4Cl,C-1972-10,Z384410828,HTS,12.7,2-3 weeks,Cn1c(=O)c2ccc(C(=O)NCC(c3c(F)cccc3Cl)N3CCCC3)nc2n(C)c1=O,9.0,0.6428571428571429,10,Z384410828,1972,10,Cn1c(=O)c2ccc(C(=O)NCC(c3c(F)cccc3Cl)[NH+]3CCCC3)nc2n(C)c1=O,Z384410828,460.917,0.5745,y,vina + fingerprints,-999.0,1.0,,Z384410828,1.0,No pScore
CC(SC1=NN=CN1C)C=2C=CC=C(NC(=O)C3(CC4(CN)C3)CO4)C2,CC(SC1=NN=CN1C)C=2C=CC=C(NC(=O)C3(CC4(CN)C3)CO4)C2,C-1972-12,Z4194910272,mRDB,125.2,5-6 weeks,CC(Sc1nncn1C)c1cccc(NC(=O)C23COC(CN)(C2)C3)c1,11.0,0.8433734939759037,12,Z4194910272,1972,12,C[C@H](Sc1nncn1C)c1cccc(NC(=O)[C@]23CO[C@](C[NH3+])(C2)C3)c1,Z4194910272,373.48001,1.0030479,y,wim pharmacophore,-999.0,1.0,,,,No pScore
C[C@@H](O)C=1C=CC=C(NC(=O)C=2C=CC=C(C2)C3(F)CNC3)C1,C[C@@H](O)C=1C=CC=C(NC(=O)C=2C=CC=C(C2)C3(F)CNC3)C1,C-1972-143,Z4210118504,sRDB,83.2,5-6 weeks,C[C@@H](O)c1cccc(NC(=O)c2cccc(C3(F)CNC3)c2)c1,142.0,0.7647058823529411,143,Z4210118504,1972,143,C[C@@H](O)c1cccc(NC(=O)c2cccc(C3(F)C[NH2+]C3)c2)c1,Z4210118504,315.368,1.734,y,classifier REAL + MMGBSA + amine,-52.33,,,,,No pScore
C[C@@H](N)C=1C=CC=C(NC(=O)C=2C=CC=C(C2)C3(F)CNC3)C1,C[C@@H](N)C=1C=CC=C(NC(=O)C=2C=CC=C(C2)C3(F)CNC3)C1,C-1972-144,Z4210297065,mRDB,125.2,5-6 weeks,C[C@@H](N)c1cccc(NC(=O)c2cccc(C3(F)CNC3)c2)c1,142.0,0.5921052631578947,144,Z4210297065,1972,144,C[C@@H]([NH3+])c1cccc(NC(=O)c2cccc(C3(F)C[NH2+]C3)c2)c1,Z4210297065,315.392,0.9836,y,classifier REAL + MMGBSA + amine,-51.25,,,,,No pScore
CC1CCCN(CC=2C=CC(CNC(=O)CCCOC=3C=CC=4NC(=O)CCC4C3)=CC2)C1,CC1CCCN(CC=2C=CC(CNC(=O)CCCOC=3C=CC=4NC(=O)CCC4C3)=CC2)C1,C-1972-79,Z421504842,HTS,12.7,2-3 weeks,CC1CCCN(Cc2ccc(CNC(=O)CCCOc3ccc4c(c3)CCC(=O)N4)cc2)C1,78.0,0.6363636363636364,79,Z421504842,1972,79,CC1CCC[NH+](Cc2ccc(CNC(=O)CCCOc3ccc4c(c3)CCC(=O)N4)cc2)C1,Z421504842,450.603,2.8615,y,vina + MMGBSA,-64.74,,,,,No pScore
CC1(NC(=O)NC1=O)C=2C=CC=C(NC(=O)C=3C=NC=C(Br)C3)C2,CC1(NC(=O)NC1=O)C=2C=CC=C(NC(=O)C=3C=NC=C(Br)C3)C2,C-1972-07,Z424328848,HTS,12.7,2-3 weeks,CC1(c2cccc(NC(=O)c3cncc(Br)c3)c2)NC(=O)NC1=O,6.0,1.0,7,Z424328848,1972,7,CC1(c2cccc(NC(=O)c3cncc(Br)c3)c2)NC(=O)NC1=O,Z424328848,389.209,2.151,y,vina + fingerprints,-999.0,1.0,,,,No pScore
CC1(NC(=O)NC1=O)C=2C=CC=C(NC(=O)C=3C=CC=4OCOC4C3)C2,CC1(NC(=O)NC1=O)C=2C=CC=C(NC(=O)C=3C=CC=4OCOC4C3)C2,C-1972-05,Z424328864,HTS,12.7,2-3 weeks,CC1(c2cccc(NC(=O)c3ccc4c(c3)OCO4)c2)NC(=O)NC1=O,4.0,1.0,5,Z424328864,1972,5,CC1(c2cccc(NC(=O)c3ccc4c(c3)OCO4)c2)NC(=O)NC1=O,Z424328864,353.334,1.7222,y,vina + fingerprints,-999.0,1.0,,,,No pScore
CC1(NC(=O)NC1=O)C=2C=CC=C(NC(=O)C=3C=CC(=CC3)N4C=NC=N4)C2,CC1(NC(=O)NC1=O)C=2C=CC=C(NC(=O)C=3C=CC(=CC3)N4C=NC=N4)C2,C-1972-06,Z424331798,HTS,12.7,2-3 weeks,CC1(c2cccc(NC(=O)c3ccc(-n4cncn4)cc3)c2)NC(=O)NC1=O,5.0,1.0,6,Z424331798,1972,6,CC1(c2cccc(NC(=O)c3ccc(-n4cncn4)cc3)c2)NC(=O)NC1=O,Z424331798,376.376,1.5742,y,vina + fingerprints,-999.0,1.0,,,,No pScore
CC1CCCCN1CC=2C=CC=CC2CNC(=O)C=3NC=4CCCC(=O)C4C3C,CC1CCCCN1CC=2C=CC=CC2CNC(=O)C=3NC=4CCCC(=O)C4C3C,C-1972-98,Z424508008,HTS,12.7,2-3 weeks,Cc1c(C(=O)NCc2ccccc2CN2CCCCC2C)[nH]c2c1C(=O)CCC2,97.0,0.6041666666666666,98,Z424508008,1972,98,Cc1c(C(=O)NCc2ccccc2C[NH+]2CCCCC2C)[nH]c2c1C(=O)CCC2,Z424508008,394.539,2.72942,y,vina + MMGBSA,-61.9,,,,,No pScore
CN(C)CC=1C=C(C)C=C(NC(=O)C=2C=CC=C(C2)C3(O)COC3)C1,CN(C)CC=1C=C(C)C=C(NC(=O)C=2C=CC=C(C2)C3(O)COC3)C1,C-1972-140,Z4320146312,sRDB,83.2,5-6 weeks,Cc1cc(CN(C)C)cc(NC(=O)c2cccc(C3(O)COC3)c2)c1,139.0,0.72,140,Z4320146312,1972,140,Cc1cc(C[NH+](C)C)cc(NC(=O)c2cccc(C3(O)COC3)c2)c1,Z4320146312,341.431,1.10962,y,classifier REAL + MMGBSA + amine,-57.96,,,,,No pScore
CC(C)CN1N=C(C(=O)NC(CN2CCCC2=O)C=3C=CC=CC3)C=4C=CC=CC4C1=O,CC(C)CN1N=C(C(=O)NC(CN2CCCC2=O)C=3C=CC=CC3)C=4C=CC=CC4C1=O,C-1972-93,Z437056864,HTS,12.7,2-3 weeks,CC(C)Cn1nc(C(=O)NC(CN2CCCC2=O)c2ccccc2)c2ccccc2c1=O,92.0,1.0,93,Z437056864,1972,93,CC(C)Cn1nc(C(=O)NC(CN2CCCC2=O)c2ccccc2)c2ccccc2c1=O,Z437056864,432.524,3.146,y,vina + MMGBSA,-62.66,,,,,Moderate pScore
O=C(NC=1C=CC=C(CN2CCCC2)C1)C=3C=CC=C(CC=4N=NNN4)C3,O=C(NC=1C=CC=C(CN2CCCC2)C1)C=3C=CC=C(CC=4N=NNN4)C3,C-1972-16,Z4412381053,mRDB,125.2,5-6 weeks,O=C(Nc1cccc(CN2CCCC2)c1)c1cccc(Cc2nn[nH]n2)c1,15.0,0.6781609195402298,16,Z4412381053,1972,16,O=C(Nc1cccc(CN2CCCC2)c1)c1cccc(Cc2nnn[nH]2)c1,Z4412381053,362.43701,1.2274364,y,wim pharmacophore,-999.0,1.0,,Z2911313247,0.91,High pScore
C[C@@H](NC(=O)C=1C=CC=C(C1)C2(F)CNC2)C=3C=CC=NC3F,C[C@@H](NC(=O)C=1C=CC=C(C1)C2(F)CNC2)C=3C=CC=NC3F,C-1972-145,Z4422139754,mRDB,125.2,5-6 weeks,C[C@@H](NC(=O)c1cccc(C2(F)CNC2)c1)c1cccnc1F,144.0,0.7746478873239436,145,Z4422139754,1972,145,C[C@@H](NC(=O)c1cccc(C2(F)C[NH2+]C2)c1)c1cccnc1F,Z4422139754,318.347,1.4535,y,classifier REAL + MMGBSA + amine,-50.73,1.0,,,,No pScore
O=C(NC=1C=CC(=NC1)N2C=NC=N2)C(OC=3C=CC=CC3)C=4C=CC=CC4,O=C(NC=1C=CC(=NC1)N2C=NC=N2)C(OC=3C=CC=CC3)C=4C=CC=CC4,C-1972-100,Z443024818,HTS,12.7,2-3 weeks,O=C(Nc1ccc(-n2cncn2)nc1)C(Oc1ccccc1)c1ccccc1,99.0,1.0,100,Z443024818,1972,100,O=C(Nc1ccc(-n2cncn2)nc1)C(Oc1ccccc1)c1ccccc1,Z443024818,371.4,3.4211,y,vina + MMGBSA,-61.7,,,,,No pScore
CC=1C=CC2=NC(COC(=O)C3C=4C=CC=CC4OC=5C=CC=CC35)=CC(=O)N2C1,CC=1C=CC2=NC(COC(=O)C3C=4C=CC=CC4OC=5C=CC=CC35)=CC(=O)N2C1,C-1972-89,Z54071732,HTS,12.7,2-3 weeks,Cc1ccc2nc(COC(=O)C3c4ccccc4Oc4ccccc43)cc(=O)n2c1,88.0,1.0,89,Z54071732,1972,89,Cc1ccc2nc(COC(=O)C3c4ccccc4Oc4ccccc43)cc(=O)n2c1,Z54071732,398.418,3.98392,y,vina + MMGBSA,-63.39,,,,,No pScore
FC=1C=C(C(=O)N=C2N=C3N=CC=CN3CC=4C=CC=CC24)C(F)=C(F)C1F,FC=1C=C(C(=O)N=C2N=C3N=CC=CN3CC=4C=CC=CC24)C(F)=C(F)C1F,C-1972-95,Z56781845,HTS,12.7,2-3 weeks,O=C(N=C1N=C2N=CC=CN2Cc2ccccc21)c1cc(F)c(F)c(F)c1F,94.0,0.4095238095238095,95,Z56781845,1972,95,O=C(NC1=[N+]=C2N=CC=CN2Cc2ccccc21)c1cc(F)c(F)c(F)c1F,Z56781845,387.316,2.2565,y,vina + MMGBSA,-62.17,,,,,No pScore
O=C(C=CC=1C=CC=CC1)N=C2N=C3N=CC=CN3CC=4C=CC=CC24,O=C(C=CC=1C=CC=CC1)N=C2N=C3N=CC=CN3CC=4C=CC=CC24,C-1972-77,Z56786272,HTS,12.7,2-3 weeks,O=C(C=Cc1ccccc1)N=C1N=C2N=CC=CN2Cc2ccccc21,76.0,0.4019607843137255,77,Z56786272,1972,77,O=C(C=Cc1ccccc1)NC1=[N+]=C2N=CC=CN2Cc2ccccc21,Z56786272,341.394,2.0997,y,vina + MMGBSA,-65.12,,,,,No pScore
ClC=1C=CC(=CC1)C=2C=C(C(=O)OCC3CNC(=O)O3)C=4C=CC=CC4N2,ClC=1C=CC(=CC1)C=2C=C(C(=O)OCC3CNC(=O)O3)C=4C=CC=CC4N2,C-1972-108,Z57014360,HTS,12.7,2-3 weeks,O=C1NCC(COC(=O)c2cc(-c3ccc(Cl)cc3)nc3ccccc23)O1,107.0,1.0,108,Z57014360,1972,108,O=C1NCC(COC(=O)c2cc(-c3ccc(Cl)cc3)nc3ccccc23)O1,Z57014360,382.803,3.8204,y,vina + MMGBSA,-61.0,,,,,No pScore
ClC=1C=C(NC(=O)NC(CN2CCCC2=O)C=3C=CC=CC3)C=CC1C(=O)NC4CC4,ClC=1C=C(NC(=O)NC(CN2CCCC2=O)C=3C=CC=CC3)C=CC1C(=O)NC4CC4,C-1972-117,Z595617162,HTS,12.7,2-3 weeks,O=C(Nc1ccc(C(=O)NC2CC2)c(Cl)c1)NC(CN1CCCC1=O)c1ccccc1,116.0,1.0,117,Z595617162,1972,117,O=C(Nc1ccc(C(=O)NC2CC2)c(Cl)c1)NC(CN1CCCC1=O)c1ccccc1,Z595617162,440.931,3.7174,y,vina + MMGBSA,-60.55,,,,,No pScore
CC1=CC(=O)OC=2C=C(NC(=O)N(CC3CCCO3)CC=4C=CC=NC4)C=CC12,CC1=CC(=O)OC=2C=C(NC(=O)N(CC3CCCO3)CC=4C=CC=NC4)C=CC12,C-1972-94,Z603291104,HTS,12.7,2-3 weeks,Cc1cc(=O)oc2cc(NC(=O)N(Cc3cccnc3)CC3CCCO3)ccc12,93.0,1.0,94,Z603291104,1972,94,Cc1cc(=O)oc2cc(NC(=O)N(Cc3cccnc3)CC3CCCO3)ccc12,Z603291104,393.443,3.70952,y,vina + MMGBSA,-62.22,,,,,No pScore
CC1=CC(C(=O)N2CCN(CC2)C(=O)NC=3C=CC=C(CN4C=CC=NC4=O)C3)=C(C)O1,CC1=CC(C(=O)N2CCN(CC2)C(=O)NC=3C=CC=C(CN4C=CC=NC4=O)C3)=C(C)O1,C-1972-130,Z603722276,HTS,12.7,2-3 weeks,Cc1cc(C(=O)N2CCN(C(=O)Nc3cccc(Cn4cccnc4=O)c3)CC2)c(C)o1,129.0,1.0,130,Z603722276,1972,130,Cc1cc(C(=O)N2CCN(C(=O)Nc3cccc(Cn4cccnc4=O)c3)CC2)c(C)o1,Z603722276,435.484,2.49134,y,vina + MMGBSA,-59.77,,,,,No pScore
OCC1(CC1)C=2C=CC=C(NC(=O)C=3C=CC=C(C3)C4(F)CNC4)C2,OCC1(CC1)C=2C=CC=C(NC(=O)C=3C=CC=C(C3)C4(F)CNC4)C2,C-1972-84,Z6408882039,mRDB,125.2,5-6 weeks,O=C(Nc1cccc(C2(CO)CC2)c1)c1cccc(C2(F)CNC2)c1,83.0,0.7681159420289855,84,Z6408882039,1972,84,O=C(Nc1cccc(C2(CO)CC2)c1)c1cccc(C2(F)C[NH2+]C2)c1,Z6408882039,341.406,1.7046,y,classifier REAL + MMGBSA + amine,-64.21,,,,,No pScore
CC=1C=CC(=CC1C)N2N=NN=C2SCC(=O)NC=3C=CC=4OCCCOC4C3,CC=1C=CC(=CC1C)N2N=NN=C2SCC(=O)NC=3C=CC=4OCCCOC4C3,C-1972-11,Z66760382,HTS,12.7,2-3 weeks,Cc1ccc(-n2nnnc2SCC(=O)Nc2ccc3c(c2)OCCCO3)cc1C,10.0,1.0,11,Z66760382,1972,11,Cc1ccc(-n2nnnc2SCC(=O)Nc2ccc3c(c2)OCCCO3)cc1C,Z66760382,411.487,3.17124,y,vina + fingerprints,-999.0,1.0,,,,No pScore
CC=1C=CC(NC(=O)C(OC(=O)C2CCC(=O)N2)C=3C=CC=CC3)=CC1Cl,CC=1C=CC(NC(=O)C(OC(=O)C2CCC(=O)N2)C=3C=CC=CC3)=CC1Cl,C-1972-109,Z71213470,HTS,12.7,2-3 weeks,Cc1ccc(NC(=O)C(OC(=O)C2CCC(=O)N2)c2ccccc2)cc1Cl,108.0,1.0,109,Z71213470,1972,109,Cc1ccc(NC(=O)C(OC(=O)C2CCC(=O)N2)c2ccccc2)cc1Cl,Z71213470,386.835,3.15002,y,vina + MMGBSA,-60.87,,,,,Moderate pScore
CCC1=NOC=2N=CC(=CC12)C(=O)NCC=3C=CC=CC3CN4CCCCC4C,CCC1=NOC=2N=CC(=CC12)C(=O)NCC=3C=CC=CC3CN4CCCCC4C,C-1972-82,Z759571834,HTS,12.7,2-3 weeks,CCc1noc2ncc(C(=O)NCc3ccccc3CN3CCCCC3C)cc12,81.0,0.6237623762376238,82,Z759571834,1972,82,CCc1noc2ncc(C(=O)NCc3ccccc3C[NH+]3CCCCC3C)cc12,Z759571834,393.511,2.6725,y,vina + MMGBSA,-64.52,,,,,No pScore
FC=1C=CC=CC1CC(=O)N2CCN(CC2)C(=O)NCC=3C=CC=CC3COCC=4C=CC=CC4,FC=1C=CC=CC1CC(=O)N2CCN(CC2)C(=O)NCC=3C=CC=CC3COCC=4C=CC=CC4,C-1972-70,Z885889506,HTS,12.7,2-3 weeks,O=C(Cc1ccccc1F)N1CCN(C(=O)NCc2ccccc2COCc2ccccc2)CC1,69.0,1.0,70,Z885889506,1972,70,O=C(Cc1ccccc1F)N1CCN(C(=O)NCc2ccccc2COCc2ccccc2)CC1,Z885889506,475.564,4.139,y,vina + MMGBSA,-67.18,,,,,No pScore
CN1CCCC=2C=C(CNC(=O)NC3=NC(=NS3)C=4C=CC=CC4)C=CC12,CN1CCCC=2C=C(CNC(=O)NC3=NC(=NS3)C=4C=CC=CC4)C=CC12,C-1972-04,Z940677828,HTS,12.7,2-3 weeks,CN1CCCc2cc(CNC(=O)Nc3nc(-c4ccccc4)ns3)ccc21,3.0,0.5436893203883495,4,Z940677828,1972,4,CN1CCCc2cc(CNC(=O)NC3N=C(c4ccccc4)NS3)ccc21,Z940677828,381.505,2.85,y,vina + fingerprints,-999.0,1.0,,,,No pScore
NC(=O)C1CCCN(CC=2C=CC(NC(=O)C3CCN(CC3)C(=O)COC=4C=CC=CC4)=CC2)C1,NC(=O)C1CCCN(CC=2C=CC(NC(=O)C3CCN(CC3)C(=O)COC=4C=CC=CC4)=CC2)C1,C-1972-133,Z991655380,HTS,12.7,2-3 weeks,NC(=O)C1CCCN(Cc2ccc(NC(=O)C3CCN(C(=O)COc4ccccc4)CC3)cc2)C1,132.0,0.6078431372549019,133,Z991655380,1972,133,NC(=O)C1CCC[NH+](Cc2ccc(NC(=O)C3CCN(C(=O)COc4ccccc4)CC3)cc2)C1,Z991655380,479.601,1.2229,y,vina + MMGBSA,-59.56,,,,,No pScore
Cl.O=C(CC=1C=CC=C(OC2=NC=NS2)C1)NC=3C=CC(CCN4CCCC4)=CC3,Cl.O=C(CC=1C=CC=C(OC2=NC=NS2)C1)NC=3C=CC(CCN4CCCC4)=CC3,C-1972-40,Z8740336536,sRDB,83.2,5-6 weeks,Cl.O=C(Cc1cccc(Oc2ncns2)c1)Nc1ccc(CCN2CCCC2)cc1,39.0,0.6702127659574468,40,m_11dba____1318150____22137654,1972,40,O=C(Cc1cccc(Oc2ncns2)c1)Nc1ccc(CC[NH+]2CCCC2)cc1,m_11dba____1318150____22137654,409.535,2.7328,y,infinisee patent1 + MMGBSA,-70.62,,,,,Moderate pScore
Cl.O=C(CC=1C=CC(=CC1)N2CCOCC2)NCC=3C=CC=CC3CN4CCCCCC4,Cl.O=C(CC=1C=CC(=CC1)N2CCOCC2)NCC=3C=CC=CC3CN4CCCCCC4,C-1972-52,Z8740336551,sRDB,83.2,5-6 weeks,Cl.O=C(Cc1ccc(N2CCOCC2)cc1)NCc1ccccc1CN1CCCCCC1,51.0,0.6385542168674698,52,m_11dba____4833124____15069110,1972,52,O=C(Cc1ccc(N2CCOCC2)cc1)NCc1ccccc1C[NH+]1CCCCCC1,m_11dba____4833124____15069110,422.593,2.341,y,infinisee patent1 + MMGBSA,-68.54,,,,,No pScore
Cl.CC(=O)CCC=1C=CC(OCC(=O)NCC=2C=CC=CC2CN3CCCCCC3)=CC1,Cl.CC(=O)CCC=1C=CC(OCC(=O)NCC=2C=CC=CC2CN3CCCCCC3)=CC1,C-1972-68,Z8740336613,sRDB,83.2,5-6 weeks,CC(=O)CCc1ccc(OCC(=O)NCc2ccccc2CN2CCCCCC2)cc1.Cl,67.0,0.6235294117647059,68,m_11dba____4833124____2228232,1972,68,CC(=O)CCc1ccc(OCC(=O)NCc2ccccc2C[NH+]2CCCCCC2)cc1,m_11dba____4833124____2228232,423.577,2.8623,y,infinisee patent1 + MMGBSA,-67.41,,,,,Low pScore
Cl.FC=1C=CC(CN(CC(=O)NC=2C=CC(CN3CCCCC3)=CC2)C4CCC4)=CC1,Cl.FC=1C=CC(CN(CC(=O)NC=2C=CC(CN3CCCCC3)=CC2)C4CCC4)=CC1,C-1972-103,Z8740336646,sRDB,83.2,5-6 weeks,Cl.O=C(CN(Cc1ccc(F)cc1)C1CCC1)Nc1ccc(CN2CCCCC2)cc1,102.0,0.5975609756097561,103,m_2230bec____16637212____14795296,1972,103,O=C(CN(Cc1ccc(F)cc1)C1CCC1)Nc1ccc(C[NH+]2CCCCC2)cc1,m_2230bec____16637212____14795296,411.562,1.971,y,infinisee REAL + MMGBSA + amine,-61.46,,,,,No pScore
Cl.CC(=O)CCC=1C=CC(OCC(=O)NC=2C=CC=C(CN3CCC(CO)CC3)C2)=CC1,Cl.CC(=O)CCC=1C=CC(OCC(=O)NC=2C=CC=C(CN3CCC(CO)CC3)C2)=CC1,C-1972-62,Z8740336578,sRDB,83.2,5-6 weeks,CC(=O)CCc1ccc(OCC(=O)Nc2cccc(CN3CCC(CO)CC3)c2)cc1.Cl,61.0,0.6276595744680851,62,m_22bbb____6914254____2228234,1972,62,CC(=O)CCc1ccc(OCC(=O)Nc2cccc(C[NH+]3CCC(CO)CC3)c2)cc1,m_22bbb____6914254____2228234,425.549,2.0129,y,infinisee patent1 + MMGBSA,-67.88,,,,,Moderate pScore
Cl.CN(CCN1CCCC1)C=2C=CC(NC(=O)COC=3C=CC=C(C3)N4CCCC4=O)=CC2,Cl.CN(CCN1CCCC1)C=2C=CC(NC(=O)COC=3C=CC=C(C3)N4CCCC4=O)=CC2,C-1972-54,Z8740336553,sRDB,83.2,5-6 weeks,CN(CCN1CCCC1)c1ccc(NC(=O)COc2cccc(N3CCCC3=O)c2)cc1.Cl,53.0,0.6979166666666666,54,m_22bbe____20839612____138731,1972,54,CN(CC[NH+]1CCCC1)c1ccc(NC(=O)COc2cccc(N3CCCC3=O)c2)cc1,m_22bbe____20839612____138731,437.564,1.9458,y,infinisee patent1 + MMGBSA,-68.49,,,,,No pScore
Cl.CN1CCN(CC=2C=CC(NC(=O)N(CCC(C)(C)O)CC=3C=CC=CC3)=CC2C(F)(F)F)CC1,Cl.CN1CCN(CC=2C=CC(NC(=O)N(CCC(C)(C)O)CC=3C=CC=CC3)=CC2C(F)(F)F)CC1,C-1972-37,Z8740336533,sRDB,83.2,5-6 weeks,CN1CCN(Cc2ccc(NC(=O)N(CCC(C)(C)O)Cc3ccccc3)cc2C(F)(F)F)CC1.Cl,36.0,0.6736842105263158,37,m_2430bbb____16761852____13772104,1972,37,CN1CC[NH+](Cc2ccc(NC(=O)N(CCC(C)(C)O)Cc3ccccc3)cc2C(F)(F)F)CC1,m_2430bbb____16761852____13772104,493.594,3.2308,y,infinisee patent1 + MMGBSA,-71.33,,,m_2430bbb____22525090____13772104,0.8,Low pScore
Cl.FC=1C=CC=C(CN(C2CC2)C(=O)NC=3C=CC(CN4CCCC4)=C(C3)C(F)(F)F)C1,Cl.FC=1C=CC=C(CN(C2CC2)C(=O)NC=3C=CC(CN4CCCC4)=C(C3)C(F)(F)F)C1,C-1972-116,Z8740336672,sRDB,83.2,5-6 weeks,Cl.O=C(Nc1ccc(CN2CCCC2)c(C(F)(F)F)c1)N(Cc1cccc(F)c1)C1CC1,115.0,0.6413043478260869,116,m_2430bbb____22525090____1010242,1972,116,O=C(Nc1ccc(C[NH+]2CCCC2)c(C(F)(F)F)c1)N(Cc1cccc(F)c1)C1CC1,m_2430bbb____22525090____1010242,436.47,4.22,y,infinisee REAL + MMGBSA + amine,-60.57,,,m_2430cab____22525090____7024868,0.91,No pScore
Cl.OCC1(CCC1)[C@H](NC(=O)NC=2C=CC(CN3CCCC3)=C(C2)C(F)(F)F)C=4C=CC=CC4,OCC1(CCC1)C(NC(=O)NC=2C=CC(CN3CCCC3)=C(C2)C(F)(F)F)C=4C=CC=CC4,C-1972-107,Z8740887941,sRDB,83.2,5-6 weeks,Cl.O=C(Nc1ccc(CN2CCCC2)c(C(F)(F)F)c1)N[C@H](c1ccccc1)C1(CO)CCC1,106.0,0.6521739130434783,107,m_2430bbb____22525090____10902520,1972,107,O=C(Nc1ccc(C[NH+]2CCCC2)c(C(F)(F)F)c1)N[C@H](c1ccccc1)C1(CO)CCC1,m_2430bbb____22525090____10902520,462.533,3.909,y,infinisee REAL + MMGBSA + amine,-61.05,,,m_2430cab____22525090____12875830,0.95,No pScore
Cl.CC(C)(O)CCN(CC=1C=CC=CC1)C(=O)NC=2C=CC(CN3CCCC3)=C(C2)C(F)(F)F,Cl.CC(C)(O)CCN(CC=1C=CC=CC1)C(=O)NC=2C=CC(CN3CCCC3)=C(C2)C(F)(F)F,C-1972-42,Z8740336538,sRDB,83.2,5-6 weeks,CC(C)(O)CCN(Cc1ccccc1)C(=O)Nc1ccc(CN2CCCC2)c(C(F)(F)F)c1.Cl,41.0,0.6593406593406593,42,m_2430bbb____22525090____13772104,1972,42,CC(C)(O)CCN(Cc1ccccc1)C(=O)Nc1ccc(C[NH+]2CCCC2)c(C(F)(F)F)c1,m_2430bbb____22525090____13772104,464.552,4.0792,y,infinisee patent1 + MMGBSA,-70.24,,,m_2430bbb____16761852____13772104,0.8,No pScore
Cl.COCCCCN(CC=1C=CC=CC1)C(=O)NC=2C=CC(CN3CCCC3)=C(C2)C(F)(F)F,Cl.COCCCCN(CC=1C=CC=CC1)C(=O)NC=2C=CC(CN3CCCC3)=C(C2)C(F)(F)F,C-1972-44,Z8740336540,sRDB,83.2,5-6 weeks,COCCCCN(Cc1ccccc1)C(=O)Nc1ccc(CN2CCCC2)c(C(F)(F)F)c1.Cl,43.0,0.6804123711340206,44,m_2430bbb____22525090____1500198,1972,44,COCCCCN(Cc1ccccc1)C(=O)Nc1ccc(C[NH+]2CCCC2)c(C(F)(F)F)c1,m_2430bbb____22525090____1500198,464.552,4.3448,y,infinisee patent1 + MMGBSA,-69.67,,,,,No pScore
Cl.CCN(CC=1C=CC=C(NC(=O)NC=2C=CC(CN3CCCC3)=C(C2)C(F)(F)F)C1)C(=O)C(F)(F)F,Cl.CCN(CC=1C=CC=C(NC(=O)NC=2C=CC(CN3CCCC3)=C(C2)C(F)(F)F)C1)C(=O)C(F)(F)F,C-1972-127,Z8740336692,sRDB,83.2,5-6 weeks,CCN(Cc1cccc(NC(=O)Nc2ccc(CN3CCCC3)c(C(F)(F)F)c2)c1)C(=O)C(F)(F)F.Cl,126.0,0.6595744680851063,127,m_2430bbb____22525090____22585252,1972,127,CCN(Cc1cccc(NC(=O)Nc2ccc(C[NH+]3CCCC3)c(C(F)(F)F)c2)c1)C(=O)C(F)(F)F,m_2430bbb____22525090____22585252,517.491,4.439,y,infinisee REAL + MMGBSA + amine,-60.16,,,m_2430bbb____22525090____22585254,0.83,No pScore
Cl.CCN(CC=1C=CC=C(NC(=O)NC=2C=CC(CN3CCCC3)=C(C2)C(F)(F)F)C1)C(=O)C,Cl.CCN(CC=1C=CC=C(NC(=O)NC=2C=CC(CN3CCCC3)=C(C2)C(F)(F)F)C1)C(=O)C,C-1972-92,Z8740336626,sRDB,83.2,5-6 weeks,CCN(Cc1cccc(NC(=O)Nc2ccc(CN3CCCC3)c(C(F)(F)F)c2)c1)C(C)=O.Cl,91.0,0.6521739130434783,92,m_2430bbb____22525090____22585254,1972,92,CCN(Cc1cccc(NC(=O)Nc2ccc(C[NH+]3CCCC3)c(C(F)(F)F)c2)c1)C(C)=O,m_2430bbb____22525090____22585254,463.521,3.897,y,infinisee REAL + MMGBSA + amine,-62.97,,,m_2430bbb____22525090____22585252,0.83,No pScore
Cl.OC1(CN(CC=2C=CC=CC2)C(=O)NC=3C=CC(CN4CCCC4)=C(C3)C(F)(F)F)CCCC1,Cl.OC1(CN(CC=2C=CC=CC2)C(=O)NC=3C=CC(CN4CCCC4)=C(C3)C(F)(F)F)CCCC1,C-1972-113,Z8740336661,sRDB,83.2,5-6 weeks,Cl.O=C(Nc1ccc(CN2CCCC2)c(C(F)(F)F)c1)N(Cc1ccccc1)CC1(O)CCCC1,112.0,0.6702127659574468,113,m_2430bbb____22525090____7116040,1972,113,O=C(Nc1ccc(C[NH+]2CCCC2)c(C(F)(F)F)c1)N(Cc1ccccc1)CC1(O)CCCC1,m_2430bbb____22525090____7116040,476.56,4.223,y,infinisee REAL + MMGBSA + amine,-60.65,,,,,No pScore
Cl.CCN1C=C(C=N1)[C@@H](O)CN(CC=2C=CC=CC2)C(=O)NC=3C=CC(CN4CCCC4)=C(C3)C(F)(F)F,CCN1C=C(C=N1)C(O)CN(CC=2C=CC=CC2)C(=O)NC=3C=CC(CN4CCCC4)=C(C3)C(F)(F)F,C-1972-48,Z8740843347,sRDB,83.2,5-6 weeks,CCn1cc([C@@H](O)CN(Cc2ccccc2)C(=O)Nc2ccc(CN3CCCC3)c(C(F)(F)F)c2)cn1.Cl,47.0,0.7169811320754716,48,m_2430bbb____22525090____9280632,1972,48,CCn1cc([C@@H](O)CN(Cc2ccccc2)C(=O)Nc2ccc(C[NH+]3CCCC3)c(C(F)(F)F)c2)cn1,m_2430bbb____22525090____9280632,516.588,3.8682,y,infinisee patent1 + MMGBSA,-69.13,,,,,No pScore
Cl.CC(C)(O)CCN(CC=1C=CC=CC1)C(=O)NC=2C=CC(Cl)=C(CN3CCCCC3)C2,Cl.CC(C)(O)CCN(CC=1C=CC=CC1)C(=O)NC=2C=CC(Cl)=C(CN3CCCCC3)C2,C-1972-34,Z8740336516,sRDB,83.2,5-6 weeks,CC(C)(O)CCN(Cc1ccccc1)C(=O)Nc1ccc(Cl)c(CN2CCCCC2)c1.Cl,33.0,0.631578947368421,34,m_2430bbb____6493264____13772104,1972,34,CC(C)(O)CCN(Cc1ccccc1)C(=O)Nc1ccc(Cl)c(C[NH+]2CCCCC2)c1,m_2430bbb____6493264____13772104,445.024,4.104,y,infinisee REAL + MMGBSA + amine,-76.69,,,,,Low pScore
Cl.COCCCCN(CC=1C=CC=CC1)C(=O)NC=2C=CC(Cl)=C(CN3CCCCC3)C2,Cl.COCCCCN(CC=1C=CC=CC1)C(=O)NC=2C=CC(Cl)=C(CN3CCCCC3)C2,C-1972-43,Z8740336539,sRDB,83.2,5-6 weeks,COCCCCN(Cc1ccccc1)C(=O)Nc1ccc(Cl)c(CN2CCCCC2)c1.Cl,42.0,0.6464646464646465,43,m_2430bbb____6493264____1500198,1972,43,COCCCCN(Cc1ccccc1)C(=O)Nc1ccc(Cl)c(C[NH+]2CCCCC2)c1,m_2430bbb____6493264____1500198,445.027,4.3695,y,infinisee patent1 + MMGBSA,-70.12,,,,,Low pScore
Cl.ClC=1C=CC(NC(=O)NC=2C=CC=CC2[C@H]3CCOC3)=CC1CN4CCCCC4,ClC=1C=CC(NC(=O)NC=2C=CC=CC2C3CCOC3)=CC1CN4CCCCC4,C-1972-124,Z8740895903,sRDB,83.2,5-6 weeks,Cl.O=C(Nc1ccc(Cl)c(CN2CCCCC2)c1)Nc1ccccc1[C@H]1CCOC1,123.0,0.6458333333333334,124,m_2430bbb____6493264____19660868,1972,124,O=C(Nc1ccc(Cl)c(C[NH+]2CCCCC2)c1)Nc1ccccc1[C@H]1CCOC1,m_2430bbb____6493264____19660868,414.954,4.057,y,infinisee REAL + MMGBSA + amine,-60.31,,,,,No pScore
Cl.COC(=O)C1(CCC1)C=2C=CC=C(NC(=O)NC=3C=CC(Cl)=C(CN4CCCCC4)C3)C2,Cl.COC(=O)C1(CCC1)C=2C=CC=C(NC(=O)NC=3C=CC(Cl)=C(CN4CCCCC4)C3)C2,C-1972-128,Z8740336693,sRDB,83.2,5-6 weeks,COC(=O)C1(c2cccc(NC(=O)Nc3ccc(Cl)c(CN4CCCCC4)c3)c2)CCC1.Cl,127.0,0.6236559139784946,128,m_2430bbb____6493264____22586094,1972,128,COC(=O)C1(c2cccc(NC(=O)Nc3ccc(Cl)c(C[NH+]4CCCCC4)c3)c2)CCC1,m_2430bbb____6493264____22586094,456.991,4.147,y,infinisee REAL + MMGBSA + amine,-59.97,,,,,No pScore
Cl.O[C@H](CN(CC=1C=CC=CC1)C(=O)NC=2C=CC(Cl)=C(CN3CCCCC3)C2)C4=CC=CO4,OC(CN(CC=1C=CC=CC1)C(=O)NC=2C=CC(Cl)=C(CN3CCCCC3)C2)C4=CC=CO4,C-1972-35,Z8740828249,sRDB,83.2,5-6 weeks,Cl.O=C(Nc1ccc(Cl)c(CN2CCCCC2)c1)N(Cc1ccccc1)C[C@@H](O)c1ccco1,34.0,0.6633663366336634,35,m_2430bbb____6493264____6814606,1972,35,O=C(Nc1ccc(Cl)c(C[NH+]2CCCCC2)c1)N(Cc1ccccc1)C[C@@H](O)c1ccco1,m_2430bbb____6493264____6814606,469.005,4.2695,y,infinisee patent1 + MMGBSA,-73.24,,,,,No pScore
Cl.COC(=O)C1(CCC1)C=2C=CC=C(NC(=O)NC=3C=CC=CC3CN(C)C4CCCCC4)C2,Cl.COC(=O)C1(CCC1)C=2C=CC=C(NC(=O)NC=3C=CC=CC3CN(C)C4CCCCC4)C2,C-1972-115,Z8740336668,sRDB,83.2,5-6 weeks,COC(=O)C1(c2cccc(NC(=O)Nc3ccccc3CN(C)C3CCCCC3)c2)CCC1.Cl,114.0,0.6391752577319587,115,m_2430bbb____737662____22586094,1972,115,COC(=O)C1(c2cccc(NC(=O)Nc3ccccc3C[N@@H+](C)C3CCCCC3)c2)CCC1,m_2430bbb____737662____22586094,450.599,4.273,y,infinisee REAL + MMGBSA + amine,-60.6,,,,,No pScore
Cl.CC1CCN(CCC=2C=CC=C(NC(=O)N(CCC(C)(C)O)CC=3C=CC=CC3)C2)CC1,Cl.CC1CCN(CCC=2C=CC=C(NC(=O)N(CCC(C)(C)O)CC=3C=CC=CC3)C2)CC1,C-1972-47,Z8740336545,sRDB,83.2,5-6 weeks,CC1CCN(CCc2cccc(NC(=O)N(CCC(C)(C)O)Cc3ccccc3)c2)CC1.Cl,46.0,0.6526315789473685,47,m_2430bbb____8166572____13772104,1972,47,CC1CC[NH+](CCc2cccc(NC(=O)N(CCC(C)(C)O)Cc3ccccc3)c2)CC1,m_2430bbb____8166572____13772104,438.636,3.739,y,infinisee patent1 + MMGBSA,-69.41,,,,,Low pScore
Cl.OCC1(CCCC1)[C@H](NC(=O)NC=2C=CC(CN3CCCC3)=C(C2)C(F)(F)F)C=4C=CC=CC4,OCC1(CCCC1)C(NC(=O)NC=2C=CC(CN3CCCC3)=C(C2)C(F)(F)F)C=4C=CC=CC4,C-1972-102,Z8740883717,sRDB,83.2,5-6 weeks,Cl.O=C(Nc1ccc(CN2CCCC2)c(C(F)(F)F)c1)N[C@H](c1ccccc1)C1(CO)CCCC1,101.0,0.6595744680851063,102,m_2430cab____22525090____12875830,1972,102,O=C(Nc1ccc(C[NH+]2CCCC2)c(C(F)(F)F)c1)N[C@H](c1ccccc1)C1(CO)CCCC1,m_2430cab____22525090____12875830,476.56,4.3,y,infinisee REAL + MMGBSA + amine,-61.65,,,m_2430bbb____22525090____10902520,0.95,No pScore
Cl.OC=1C=CC=C(CN(CC2CC2)C(=O)NC=3C=CC(CN4CCCC4)=C(C3)C(F)(F)F)C1,Cl.OC=1C=CC=C(CN(CC2CC2)C(=O)NC=3C=CC(CN4CCCC4)=C(C3)C(F)(F)F)C1,C-1972-78,Z8740336617,sRDB,83.2,5-6 weeks,Cl.O=C(Nc1ccc(CN2CCCC2)c(C(F)(F)F)c1)N(Cc1cccc(O)c1)CC1CC1,77.0,0.6666666666666666,78,m_2430cab____22525090____4836042,1972,78,O=C(Nc1ccc(C[NH+]2CCCC2)c(C(F)(F)F)c1)N(Cc1cccc(O)c1)CC1CC1,m_2430cab____22525090____4836042,448.506,4.034,y,infinisee REAL + MMGBSA + amine,-64.96,,,,,No pScore
Cl.C[C@@H]1CCN(CCOC=2C=CC(NC(=O)NCC=3C=CC=C(CN4CCOCC4)C3)=CC2)C1,CC1CCN(CCOC=2C=CC(NC(=O)NCC=3C=CC=C(CN4CCOCC4)C3)=CC2)C1,C-1972-49,Z8740845181,sRDB,83.2,5-6 weeks,C[C@@H]1CCN(CCOc2ccc(NC(=O)NCc3cccc(CN4CCOCC4)c3)cc2)C1.Cl,48.0,0.6826923076923077,49,m_2708baa____1008730____24000712,1972,49,C[C@@H]1CC[N@@H+](CCOc2ccc(NC(=O)NCc3cccc(CN4CCOCC4)c3)cc2)C1,m_2708baa____1008730____24000712,453.607,2.144,y,infinisee patent1 + MMGBSA,-68.92,,,,,Moderate pScore
Cl.O[C@@H]1CCN(C1)C=2C=CC=CC2CNC(=O)NCC=3C=CC=C(CN4CCCCCC4)C3,Cl.O[C@@H]1CCN(C1)C=2C=CC=CC2CNC(=O)NCC=3C=CC=C(CN4CCCCCC4)C3,C-1972-135,Z8740336696,sRDB,83.2,5-6 weeks,Cl.O=C(NCc1cccc(CN2CCCCCC2)c1)NCc1ccccc1N1CC[C@@H](O)C1,134.0,0.6666666666666666,135,m_2708baa____2307424____21538310,1972,135,O=C(NCc1cccc(C[NH+]2CCCCCC2)c1)NCc1ccccc1N1CC[C@@H](O)C1,m_2708baa____2307424____21538310,437.604,2.216,y,infinisee REAL + MMGBSA + amine,-59.51,,,,,No pScore
Cl.CC=1C=CC(OC=2C=CC(NC(=O)NCC=3C=CC=C(CN4CCCCCC4)C3)=CC2)=NN1,Cl.CC=1C=CC(OC=2C=CC(NC(=O)NCC=3C=CC=C(CN4CCCCCC4)C3)=CC2)=NN1,C-1972-38,Z8740336534,sRDB,83.2,5-6 weeks,Cc1ccc(Oc2ccc(NC(=O)NCc3cccc(CN4CCCCCC4)c3)cc2)nn1.Cl,37.0,0.6494845360824743,38,m_2708baa____2307424____23985302,1972,38,Cc1ccc(Oc2ccc(NC(=O)NCc3cccc(C[NH+]4CCCCCC4)c3)cc2)nn1,m_2708baa____2307424____23985302,446.575,3.85792,y,infinisee patent1 + MMGBSA,-70.94,,,,,Moderate pScore
Cl.CC(C)(C)OC(=O)N1CC(C1)OC=2C=CC(NC(=O)NCC=3C=CC=C(CN4CCCCCC4)C3)=CC2,Cl.CC(C)(C)OC(=O)N1CC(C1)OC=2C=CC(NC(=O)NCC=3C=CC=C(CN4CCCCCC4)C3)=CC2,C-1972-41,Z8740336537,sRDB,83.2,5-6 weeks,CC(C)(C)OC(=O)N1CC(Oc2ccc(NC(=O)NCc3cccc(CN4CCCCCC4)c3)cc2)C1.Cl,40.0,0.6831683168316832,41,m_2708baa____2307424____23992606,1972,41,CC(C)(C)OC(=O)N1CC(Oc2ccc(NC(=O)NCc3cccc(C[NH+]4CCCCCC4)c3)cc2)C1,m_2708baa____2307424____23992606,509.671,3.9653,y,infinisee patent1 + MMGBSA,-70.43,,,,,No pScore
Cl.CN1CCN(CC1)C=2C=CC(F)=CC2CNC(=O)N(CCCSC3=NN=NN3C)CC=4C=CC(Cl)=CC4,Cl.CN1CCN(CC1)C=2C=CC(F)=CC2CNC(=O)N(CCCSC3=NN=NN3C)CC=4C=CC(Cl)=CC4,C-1972-148,Z8740336697,sRDB,83.2,5-6 weeks,CN1CCN(c2ccc(F)cc2CNC(=O)N(CCCSc2nnnn2C)Cc2ccc(Cl)cc2)CC1.Cl,147.0,0.819047619047619,148,m_2708baa____23829346____24001680,1972,148,Cn1nnnc1SCCCN(Cc1ccc(Cl)cc1)C(=O)NCc1cc(F)ccc1N1CC[NH+](C)CC1,m_2708baa____23829346____24001680,548.107,2.232,y,infinisee REAL + MMGBSA  + amine,-43.83,1.0,,,,No pScore
Cl.O[C@@H]1CCN(C1)C=2C=CC=CC2CNC(=O)NCC=3C=CC=CC3CN4CCCCCCC4,Cl.O[C@@H]1CCN(C1)C=2C=CC=CC2CNC(=O)NCC=3C=CC=CC3CN4CCCCCCC4,C-1972-36,Z8740336524,sRDB,83.2,5-6 weeks,Cl.O=C(NCc1ccccc1CN1CCCCCCC1)NCc1ccccc1N1CC[C@@H](O)C1,35.0,0.6352941176470588,36,m_2708baa____4278128____21538310,1972,36,O=C(NCc1ccccc1C[NH+]1CCCCCCC1)NCc1ccccc1N1CC[C@@H](O)C1,m_2708baa____4278128____21538310,451.635,2.606,y,infinisee patent1 + MMGBSA,-71.91,,,,,No pScore
Cl.O=C(NCC=1C=CC=CC1CN2CCCCCCC2)NC=3C=CC(OC=4C=CC=NN4)=CC3,Cl.O=C(NCC=1C=CC=CC1CN2CCCCCCC2)NC=3C=CC(OC=4C=CC=NN4)=CC3,C-1972-57,Z8740336559,sRDB,83.2,5-6 weeks,Cl.O=C(NCc1ccccc1CN1CCCCCCC1)Nc1ccc(Oc2cccnn2)cc1,56.0,0.6483516483516484,57,m_2708baa____4278128____24021916,1972,57,O=C(NCc1ccccc1C[NH+]1CCCCCCC1)Nc1ccc(Oc2cccnn2)cc1,m_2708baa____4278128____24021916,446.575,3.9396,y,infinisee patent1 + MMGBSA,-68.17,,,,,Moderate pScore
Cl.FC=1C=CC=C(CN(C2CCC2)C(=O)NCC=3C=CC=CC3CN4CCCCCC4)C1,Cl.FC=1C=CC=C(CN(C2CCC2)C(=O)NCC=3C=CC=CC3CN4CCCCCC4)C1,C-1972-129,Z8740336694,sRDB,83.2,5-6 weeks,Cl.O=C(NCc1ccccc1CN1CCCCCC1)N(Cc1cccc(F)c1)C1CCC1,128.0,0.6292134831460674,129,m_2708baa____4833158____13162176,1972,129,O=C(NCc1ccccc1C[NH+]1CCCCCC1)N(Cc1cccc(F)c1)C1CCC1,m_2708baa____4833158____13162176,424.581,4.049,y,infinisee REAL + MMGBSA + amine,-59.91,,,,,No pScore
Cl.FC=1C=CC=CC1CN(C2CCOCC2)C(=O)NCC=3C=CC=CC3CN4CCCCCC4,Cl.FC=1C=CC=CC1CN(C2CCOCC2)C(=O)NCC=3C=CC=CC3CN4CCCCCC4,C-1972-122,Z8740336676,sRDB,83.2,5-6 weeks,Cl.O=C(NCc1ccccc1CN1CCCCCC1)N(Cc1ccccc1F)C1CCOCC1,121.0,0.6333333333333333,122,m_2708baa____4833158____16643628,1972,122,O=C(NCc1ccccc1C[NH+]1CCCCCC1)N(Cc1ccccc1F)C1CCOCC1,m_2708baa____4833158____16643628,454.606,3.675,y,infinisee REAL + MMGBSA + amine,-60.34,,,m_2708baa____4833158____2990612,0.84,No pScore
Cl.FC=1C=CC=C(CN(C[C@H]2CCCO2)C(=O)NCC=3C=CC=CC3CN4CCCCCC4)C1,FC=1C=CC=C(CN(CC2CCCO2)C(=O)NCC=3C=CC=CC3CN4CCCCCC4)C1,C-1972-56,Z8740856502,sRDB,83.2,5-6 weeks,Cl.O=C(NCc1ccccc1CN1CCCCCC1)N(Cc1cccc(F)c1)C[C@H]1CCCO1,55.0,0.67,56,m_2708baa____4833158____2365830,1972,56,O=C(NCc1ccccc1C[NH+]1CCCCCC1)N(Cc1cccc(F)c1)C[C@H]1CCCO1,m_2708baa____4833158____2365830,454.61,3.6754,y,infinisee patent1 + MMGBSA,-68.32,,,,,No pScore
Cl.FC=1C=CC=C(C1)[C@H](NC(=O)NCC=2C=CC=CC2CN3CCCCCC3)C4CC4,FC=1C=CC=C(C1)C(NC(=O)NCC=2C=CC=CC2CN3CCCCCC3)C4CC4,C-1972-75,Z8740873043,sRDB,83.2,5-6 weeks,Cl.O=C(NCc1ccccc1CN1CCCCCC1)N[C@@H](c1cccc(F)c1)C1CC1,74.0,0.625,75,m_2708baa____4833158____23980732,1972,75,O=C(NCc1ccccc1C[NH+]1CCCCCC1)N[C@@H](c1cccc(F)c1)C1CC1,m_2708baa____4833158____23980732,410.554,3.735,y,infinisee REAL + MMGBSA + amine,-65.56,,,m_2708baa____4833158____7026140,0.91,No pScore
Cl.CC(C)(C)OC(=O)N1CC(C1)OC=2C=CC(NC(=O)NCC=3C=CC=CC3CN4CCCCCC4)=CC2,Cl.CC(C)(C)OC(=O)N1CC(C1)OC=2C=CC(NC(=O)NCC=3C=CC=CC3CN4CCCCCC4)=CC2,C-1972-60,Z8740336571,sRDB,83.2,5-6 weeks,CC(C)(C)OC(=O)N1CC(Oc2ccc(NC(=O)NCc3ccccc3CN3CCCCCC3)cc2)C1.Cl,59.0,0.6875,60,m_2708baa____4833158____23992606,1972,60,CC(C)(C)OC(=O)N1CC(Oc2ccc(NC(=O)NCc3ccccc3C[NH+]3CCCCCC3)cc2)C1,m_2708baa____4833158____23992606,509.671,3.9653,y,infinisee patent1 + MMGBSA,-68.02,,,,,No pScore
Cl.CN(CC=1C=NN(C)C1)C=2C=CC(NC(=O)NCC=3C=CC=CC3CN4CCCCCC4)=CC2,Cl.CN(CC=1C=NN(C)C1)C=2C=CC(NC(=O)NCC=3C=CC=CC3CN4CCCCCC4)=CC2,C-1972-63,Z8740336595,sRDB,83.2,5-6 weeks,CN(Cc1cnn(C)c1)c1ccc(NC(=O)NCc2ccccc2CN2CCCCCC2)cc1.Cl,62.0,0.6702127659574468,63,m_2708baa____4833158____24000622,1972,63,CN(Cc1cnn(C)c1)c1ccc(NC(=O)NCc2ccccc2C[NH+]2CCCCCC2)cc1,m_2708baa____4833158____24000622,461.634,3.3371,y,infinisee patent1 + MMGBSA,-67.8,,,,,Moderate pScore
Cl.BrC=1C=C(NC(=O)NCC=2C=CC(CN3CCCC3)=CC2)C=C4OCCCOC14,Cl.BrC=1C=C(NC(=O)NCC=2C=CC(CN3CCCC3)=CC2)C=C4OCCCOC14,C-1972-55,Z8740336554,sRDB,83.2,5-6 weeks,Cl.O=C(NCc1ccc(CN2CCCC2)cc1)Nc1cc(Br)c2c(c1)OCCCO2,54.0,0.6951219512195121,55,m_2708baa____906352____24000974,1972,55,O=C(NCc1ccc(C[NH+]2CCCC2)cc1)Nc1cc(Br)c2c(c1)OCCCO2,m_2708baa____906352____24000974,461.38,3.1108,y,infinisee patent1 + MMGBSA,-68.42,,,,,No pScore
Cl.C[C@@H]1CCCCN1CC=2C=CC=CC2CNC(=O)N(CCC(C)(C)O)CC=3C=CC=CC3,CC1CCCCN1CC=2C=CC=CC2CNC(=O)N(CCC(C)(C)O)CC=3C=CC=CC3,C-1972-111,Z8740888593,sRDB,83.2,5-6 weeks,C[C@@H]1CCCCN1Cc1ccccc1CNC(=O)N(CCC(C)(C)O)Cc1ccccc1.Cl,110.0,0.6,111,m_2708baa____907038____13772108,1972,111,C[C@@H]1CCCC[N@@H+]1Cc1ccccc1CNC(=O)N(CCC(C)(C)O)Cc1ccccc1,m_2708baa____907038____13772108,438.632,3.517,y,infinisee REAL + MMGBSA + amine,-60.7,,,,,Low pScore
Cl.Cl.C[C@@H]1CCCCN1CC=2C=CC=CC2CNC(=O)NC=3C=CC(=CC3)N4CC[C@@H](O)C4,CC1CCCCN1CC=2C=CC=CC2CNC(=O)NC=3C=CC(=CC3)N4CC[C@@H](O)C4,C-1972-72,Z8740870965,sRDB,83.2,5-6 weeks,C[C@@H]1CCCCN1Cc1ccccc1CNC(=O)Nc1ccc(N2CC[C@@H](O)C2)cc1.Cl.Cl,45.0,0.4107142857142857,72,m_2708baa____907038____23984790,1972,72,C[C@@H]1CCCC[N@@H+]1Cc1ccccc1CNC(=O)Nc1ccc([N@H+]2CC[C@@H](O)C2)cc1,m_2708baa____907038____23984790,423.578,2.537,y,infinisee REAL + MMGBSA + amine,-66.81,,,,,No pScore
Cl.COC(=O)CN1CCN(CC1)C=2C=CC(NC(=O)NCC=3C=CC=CC3CN4CCCC[C@H]4C)=CC2,COC(=O)CN1CCN(CC1)C=2C=CC(NC(=O)NCC=3C=CC=CC3CN4CCCCC4C)=CC2,C-1972-46,Z1122775589,sRDB,83.2,5-6 weeks,COC(=O)CN1CCN(c2ccc(NC(=O)NCc3ccccc3CN3CCCC[C@H]3C)cc2)CC1.Cl,45.0,0.65,46,m_2708baa____907038____23992542,1972,46,COC(=O)CN1CCN(c2ccc(NC(=O)NCc3ccccc3C[N@H+]3CCCC[C@H]3C)cc2)CC1,m_2708baa____907038____23992542,494.66,2.2606,y,infinisee patent1 + MMGBSA,-69.44,,,,,No pScore
Cl.C[C@@H]1CCCCN1CC=2C=CC=CC2CNC(=O)NC=3C=CC=4N(CC5CCC5)C(=O)CCC4C3,CC1CCCCN1CC=2C=CC=CC2CNC(=O)NC=3C=CC=4N(CC5CCC5)C(=O)CCC4C3,C-1972-58,Z8740858317,sRDB,83.2,5-6 weeks,C[C@@H]1CCCCN1Cc1ccccc1CNC(=O)Nc1ccc2c(c1)CCC(=O)N2CC1CCC1.Cl,57.0,0.6513761467889908,58,m_2708baa____907038____23993192,1972,58,C[C@@H]1CCCC[N@@H+]1Cc1ccccc1CNC(=O)Nc1ccc2c(c1)CCC(=O)N2CC1CCC1,m_2708baa____907038____23993192,475.657,4.0449,y,infinisee patent1 + MMGBSA,-68.17,,,m_2708baa____907038____24022458,0.95,No pScore
Cl.C[C@@H]1CCCCN1CC=2C=CC=CC2CNC(=O)NC=3C=CC=4N(CC5CC5)C(=O)CCC4C3,CC1CCCCN1CC=2C=CC=CC2CNC(=O)NC=3C=CC=4N(CC5CC5)C(=O)CCC4C3,C-1972-50,Z8740846898,sRDB,83.2,5-6 weeks,C[C@@H]1CCCCN1Cc1ccccc1CNC(=O)Nc1ccc2c(c1)CCC(=O)N2CC1CC1.Cl,49.0,0.6481481481481481,50,m_2708baa____907038____24022458,1972,50,C[C@@H]1CCCC[N@@H+]1Cc1ccccc1CNC(=O)Nc1ccc2c(c1)CCC(=O)N2CC1CC1,m_2708baa____907038____24022458,461.63,3.6548,y,infinisee patent1 + MMGBSA,-68.91,,,m_2708baa____907038____23993192,0.95,No pScore
Cl.C[C@@H]1CCCN(CC=2C=CC=CC2CNC(=O)NCC=3C=CC(C4CC4)=C(F)C3)C1,CC1CCCN(CC=2C=CC=CC2CNC(=O)NCC=3C=CC(C4CC4)=C(F)C3)C1,C-1972-59,Z8740858988,sRDB,83.2,5-6 weeks,C[C@@H]1CCCN(Cc2ccccc2CNC(=O)NCc2ccc(C3CC3)c(F)c2)C1.Cl,58.0,0.5773195876288659,59,m_2708baa____907048____16488360,1972,59,C[C@@H]1CCC[N@@H+](Cc2ccccc2CNC(=O)NCc2ccc(C3CC3)c(F)c2)C1,m_2708baa____907048____16488360,410.557,3.5173,y,infinisee patent1 + MMGBSA,-68.12,,,,,Moderate pScore
Cl.C[C@@H]1CCCN(CC=2C=CC=CC2CNC(=O)N[C@H](C3CCC3)C=4C(F)=CC=CC4F)C1,CC1CCCN(CC=2C=CC=CC2CNC(=O)NC(C3CCC3)C=4C(F)=CC=CC4F)C1,C-1972-119,Z8740891382,sRDB,83.2,5-6 weeks,C[C@@H]1CCCN(Cc2ccccc2CNC(=O)N[C@@H](c2c(F)cccc2F)C2CCC2)C1.Cl,100.0,0.5869565217391305,119,m_2708baa____907048____20011210,1972,119,C[C@@H]1CCC[N@@H+](Cc2ccccc2CNC(=O)N[C@@H](c2c(F)cccc2F)C2CCC2)C1,m_2708baa____907048____20011210,442.571,4.12,y,infinisee REAL + MMGBSA + amine,-60.47,,,,,No pScore
Cl.COCCCSC=1C=CC(NC(=O)NCC=2C=CC=CC2CN3CCC[C@@H](C)C3)=CC1,COCCCSC=1C=CC(NC(=O)NCC=2C=CC=CC2CN3CCCC(C)C3)=CC1,C-1972-45,Z8740837649,sRDB,83.2,5-6 weeks,COCCCSc1ccc(NC(=O)NCc2ccccc2CN2CCC[C@@H](C)C2)cc1.Cl,44.0,0.6039603960396039,45,m_2708baa____907048____23982232,1972,45,COCCCSc1ccc(NC(=O)NCc2ccccc2C[N@@H+]2CCC[C@@H](C)C2)cc1,m_2708baa____907048____23982232,442.649,3.9517,y,infinisee patent1 + MMGBSA,-69.6,,,,,Low pScore
Cl.Cl.C[C@@H]1CCCN(CC=2C=CC=CC2CNC(=O)NC=3C=CC(=CC3)N4CC(O)C4)C1,CC1CCCN(CC=2C=CC=CC2CNC(=O)NC=3C=CC(=CC3)N4CC(O)C4)C1,C-1972-61,Z8740860669,sRDB,83.2,5-6 weeks,C[C@@H]1CCCN(Cc2ccccc2CNC(=O)Nc2ccc(N3CC(O)C3)cc2)C1.Cl.Cl,45.0,0.42727272727272725,61,m_2708baa____907048____23985224,1972,61,C[C@@H]1CCC[N@@H+](Cc2ccccc2CNC(=O)Nc2ccc([NH+]3CC(O)C3)cc2)C1,m_2708baa____907048____23985224,410.562,0.714,y,infinisee patent1 + MMGBSA,-67.98,,,,,No pScore
Cl.C[C@@H]1CCCN(CC=2C=CC=CC2CNC(=O)N(CC3CC3)CC=4C=CC=C(O)C4)C1,CC1CCCN(CC=2C=CC=CC2CNC(=O)N(CC3CC3)CC=4C=CC=C(O)C4)C1,C-1972-67,Z8740869342,sRDB,83.2,5-6 weeks,C[C@@H]1CCCN(Cc2ccccc2CNC(=O)N(Cc2cccc(O)c2)CC2CC2)C1.Cl,66.0,0.5980392156862745,67,m_2708baa____907048____24020390,1972,67,C[C@@H]1CCC[N@@H+](Cc2ccccc2CNC(=O)N(Cc2cccc(O)c2)CC2CC2)C1,m_2708baa____907048____24020390,422.589,3.329,y,infinisee REAL + MMGBSA + amine,-67.46,,,,,No pScore
Cl.Cl.C[C@@H]1CCCN(CC=2C=CC=CC2CNC(=O)NC=3C=CC(=CC3C)N4CCC[C@@H](O)C4)C1,CC1CCCN(CC=2C=CC=CC2CNC(=O)NC=3C=CC(=CC3C)N4CCCC(O)C4)C1,C-1972-121,Z8740892512,sRDB,83.2,5-6 weeks,Cc1cc(N2CCC[C@@H](O)C2)ccc1NC(=O)NCc1ccccc1CN1CCC[C@@H](C)C1.Cl.Cl,120.0,0.3770491803278688,121,m_2708baa____907048____24021858,1972,121,Cc1cc([N@H+]2CCC[C@@H](O)C2)ccc1NC(=O)NCc1ccccc1C[N@@H+]1CCC[C@@H](C)C1,m_2708baa____907048____24021858,451.631,3.093,y,infinisee REAL + MMGBSA + amine,-60.35,,,,,No pScore
Cl.COC=1C=CC=CC1[C@@H](CC(C)C)NC(=O)NCC=2C=CC=CC2CN3CCC[C@@H](C)C3,COC=1C=CC=CC1C(CC(C)C)NC(=O)NCC=2C=CC=CC2CN3CCCC(C)C3,C-1972-86,Z8740875786,sRDB,83.2,5-6 weeks,COc1ccccc1[C@@H](CC(C)C)NC(=O)NCc1ccccc1CN1CCC[C@@H](C)C1.Cl,85.0,0.59,86,m_2708baa____907048____6442094,1972,86,COc1ccccc1[C@@H](CC(C)C)NC(=O)NCc1ccccc1C[N@@H+]1CCC[C@@H](C)C1,m_2708baa____907048____6442094,438.632,4.097,y,infinisee REAL + MMGBSA + amine,-63.82,,,,,Low pScore
Cl.C[C@@H]1CCCN(CC=2C=CC=CC2CNC(=O)N[C@H](C3CCCC3)C=4C=CC=CC4F)C1,CC1CCCN(CC=2C=CC=CC2CNC(=O)NC(C3CCCC3)C=4C=CC=CC4F)C1,C-1972-85,Z8740874804,sRDB,83.2,5-6 weeks,C[C@@H]1CCCN(Cc2ccccc2CNC(=O)N[C@@H](c2ccccc2F)C2CCCC2)C1.Cl,84.0,0.6082474226804123,85,m_2708baa____907048____6958126,1972,85,C[C@@H]1CCC[N@@H+](Cc2ccccc2CNC(=O)N[C@@H](c2ccccc2F)C2CCCC2)C1,m_2708baa____907048____6958126,438.607,4.371,y,infinisee REAL + MMGBSA + amine,-64.14,,,,,No pScore
Cl.C[C@@H]1C[C@@H](C)CN(CC=2C=CC=CC2CNC(=O)N(CC3CC3)CC=4C=CC=CC4F)C1,CC1CC(C)CN(CC=2C=CC=CC2CNC(=O)N(CC3CC3)CC=4C=CC=CC4F)C1,C-1972-96,Z8740881951,sRDB,83.2,5-6 weeks,C[C@@H]1C[C@@H](C)CN(Cc2ccccc2CNC(=O)N(Cc2ccccc2F)CC2CC2)C1.Cl,95.0,0.6395348837209303,96,m_2708baa____907258____12058282,1972,96,C[C@@H]1C[C@@H](C)C[NH+](Cc2ccccc2CNC(=O)N(Cc2ccccc2F)CC2CC2)C1,m_2708baa____907258____12058282,438.607,4.008,y,infinisee REAL + MMGBSA + amine,-62.16,,,,,No pScore
Cl.C[C@@H]1C[C@@H](C)CN(CC=2C=CC=CC2CNC(=O)NCC=3C=CC(=CC3)N4CCCNC4=O)C1,CC1CC(C)CN(CC=2C=CC=CC2CNC(=O)NCC=3C=CC(=CC3)N4CCCNC4=O)C1,C-1972-65,Z8740865280,sRDB,83.2,5-6 weeks,C[C@@H]1C[C@@H](C)CN(Cc2ccccc2CNC(=O)NCc2ccc(N3CCCNC3=O)cc2)C1.Cl,64.0,0.6923076923076923,65,m_2708baa____907258____12113028,1972,65,C[C@@H]1C[C@@H](C)C[NH+](Cc2ccccc2CNC(=O)NCc2ccc(N3CCCNC3=O)cc2)C1,m_2708baa____907258____12113028,464.634,2.6665,y,infinisee patent1 + MMGBSA,-67.72,,,,,No pScore
Cl.C[C@@H]1C[C@@H](C)CN(CC=2C=CC=CC2CNC(=O)N[C@H](C=3C=CC=CC3)C4(CO)CCCC4)C1,CC1CC(C)CN(CC=2C=CC=CC2CNC(=O)NC(C=3C=CC=CC3)C4(CO)CCCC4)C1,C-1972-80,Z8740874307,sRDB,83.2,5-6 weeks,C[C@@H]1C[C@@H](C)CN(Cc2ccccc2CNC(=O)N[C@H](c2ccccc2)C2(CO)CCCC2)C1.Cl,79.0,0.651685393258427,80,m_2708baa____907258____13192978,1972,80,C[C@@H]1C[C@@H](C)C[NH+](Cc2ccccc2CNC(=O)N[C@H](c2ccccc2)C2(CO)CCCC2)C1,m_2708baa____907258____13192978,464.67,3.841,y,infinisee REAL + MMGBSA + amine,-64.56,,,,,Moderate pScore
Cl.C[C@@H]1C[C@@H](C)CN(CC=2C=CC=CC2CNC(=O)N[C@H](C3CCC3)C=4C(F)=CC=CC4F)C1,CC1CC(C)CN(CC=2C=CC=CC2CNC(=O)NC(C3CCC3)C=4C(F)=CC=CC4F)C1,C-1972-101,Z8740882963,sRDB,83.2,5-6 weeks,C[C@@H]1C[C@@H](C)CN(Cc2ccccc2CNC(=O)N[C@@H](c2c(F)cccc2F)C2CCC2)C1.Cl,100.0,0.6436781609195402,101,m_2708baa____907258____20011210,1972,101,C[C@@H]1C[C@@H](C)C[NH+](Cc2ccccc2CNC(=O)N[C@@H](c2c(F)cccc2F)C2CCC2)C1,m_2708baa____907258____20011210,456.597,4.366,y,infinisee REAL + MMGBSA + amine,-61.68,,,,,No pScore
Cl.CC(C)CN(CC=1C=CC=C(F)C1)C(=O)NCC=2C=CC=CC2CN3C[C@H](C)C[C@@H](C)C3,CC(C)CN(CC=1C=CC=C(F)C1)C(=O)NCC=2C=CC=CC2CN3CC(C)CC(C)C3,C-1972-74,Z8740872177,sRDB,83.2,5-6 weeks,CC(C)CN(Cc1cccc(F)c1)C(=O)NCc1ccccc1CN1C[C@H](C)C[C@@H](C)C1.Cl,73.0,0.6666666666666666,74,m_2708baa____907258____2247288,1972,74,CC(C)CN(Cc1cccc(F)c1)C(=O)NCc1ccccc1C[NH+]1C[C@H](C)C[C@@H](C)C1,m_2708baa____907258____2247288,440.623,4.254,y,infinisee REAL + MMGBSA + amine,-66.24,,,,,Low pScore
Cl.Cl.C[C@@H]1C[C@@H](C)CN(CC=2C=CC=CC2CNC(=O)NC=3C=CC(=CC3)N4CC(O)C4)C1,CC1CC(C)CN(CC=2C=CC=CC2CNC(=O)NC=3C=CC(=CC3)N4CC(O)C4)C1,C-1972-91,Z8740878663,sRDB,83.2,5-6 weeks,C[C@@H]1C[C@@H](C)CN(Cc2ccccc2CNC(=O)Nc2ccc(N3CC(O)C3)cc2)C1.Cl.Cl,90.0,0.425531914893617,91,m_2708baa____907258____23985224,1972,91,C[C@@H]1C[C@@H](C)C[NH+](Cc2ccccc2CNC(=O)Nc2ccc([NH+]3CC(O)C3)cc2)C1,m_2708baa____907258____23985224,423.578,2.25,y,infinisee REAL + MMGBSA + amine,-63.06,,,,,No pScore
Cl.C[C@@H]1C[C@@H](C)CN(CC=2C=CC=CC2CNC(=O)N[C@H](C3CCC3)C=4C=CC=CC4)C1,CC1CC(C)CN(CC=2C=CC=CC2CNC(=O)NC(C3CCC3)C=4C=CC=CC4)C1,C-1972-123,Z8740894572,sRDB,83.2,5-6 weeks,C[C@@H]1C[C@@H](C)CN(Cc2ccccc2CNC(=O)N[C@@H](c2ccccc2)C2CCC2)C1.Cl,122.0,0.6265060240963856,123,m_2708baa____907258____3365470,1972,123,C[C@@H]1C[C@@H](C)C[NH+](Cc2ccccc2CNC(=O)N[C@@H](c2ccccc2)C2CCC2)C1,m_2708baa____907258____3365470,420.617,4.088,y,infinisee REAL + MMGBSA + amine,-60.32,,,,,No pScore
Cl.CC1CCN(CC=2C=CC=CC2CNC(=O)NC=3C=CC(SC4=NN=CN4C)=C(Cl)C3)CC1,Cl.CC1CCN(CC=2C=CC=CC2CNC(=O)NC=3C=CC(SC4=NN=CN4C)=C(Cl)C3)CC1,C-1972-53,Z8740336552,sRDB,83.2,5-6 weeks,CC1CCN(Cc2ccccc2CNC(=O)Nc2ccc(Sc3nncn3C)c(Cl)c2)CC1.Cl,52.0,0.6862745098039216,53,m_2708baa____9283446____24020402,1972,53,CC1CC[NH+](Cc2ccccc2CNC(=O)Nc2ccc(Sc3nncn3C)c(Cl)c2)CC1,m_2708baa____9283446____24020402,486.065,3.7562,y,infinisee patent1 + MMGBSA,-68.52,,,,,Moderate pScore
Cl.C[C@@H]1C[C@@H](C)CN(CC=2C=CC=CC2CNC(=O)NC=3C=CC(N4CCNC(=O)C4)=C(Cl)C3)C1,CC1CC(C)CN(CC=2C=CC=CC2CNC(=O)NC=3C=CC(N4CCNC(=O)C4)=C(Cl)C3)C1,C-1972-51,Z436054968,sRDB,83.2,5-6 weeks,C[C@@H]1C[C@@H](C)CN(Cc2ccccc2CNC(=O)Nc2ccc(N3CCNC(=O)C3)c(Cl)c2)C1.Cl,50.0,0.7070707070707071,51,m_2708caa____907258____913756,1972,51,C[C@@H]1C[C@@H](C)C[NH+](Cc2ccccc2CNC(=O)Nc2ccc(N3CCNC(=O)C3)c(Cl)c2)C1,m_2708caa____907258____913756,485.052,2.6587,y,infinisee patent1 + MMGBSA,-68.86,,,,,Low pScore
Cl.CC1CCN(CC=2C=CC(NC(=O)C(=O)N(CC=3C=CC=C(F)C3)C4CCC4)=CC2)CC1,Cl.CC1CCN(CC=2C=CC(NC(=O)C(=O)N(CC=3C=CC=C(F)C3)C4CCC4)=CC2)CC1,C-1972-88,Z8740336624,sRDB,83.2,5-6 weeks,CC1CCN(Cc2ccc(NC(=O)C(=O)N(Cc3cccc(F)c3)C3CCC3)cc2)CC1.Cl,87.0,0.6444444444444445,88,m_2718cba____13162178____1008704,1972,88,CC1CC[NH+](Cc2ccc(NC(=O)C(=O)N(Cc3cccc(F)c3)C3CCC3)cc2)CC1,m_2718cba____13162178____1008704,438.564,3.16,y,infinisee REAL + MMGBSA + amine,-63.52,,,,,Low pScore
Cl.CC(=O)N1CCN(CC1)C=2C=CC=CC2CNC(=O)C(=O)NC=3C=CC=C(CN4CCCCC4)C3,Cl.CC(=O)N1CCN(CC1)C=2C=CC=CC2CNC(=O)C(=O)NC=3C=CC=C(CN4CCCCC4)C3,C-1972-126,Z8740336691,sRDB,83.2,5-6 weeks,CC(=O)N1CCN(c2ccccc2CNC(=O)C(=O)Nc2cccc(CN3CCCCC3)c2)CC1.Cl,125.0,0.6666666666666666,126,m_2718cba____5175848____868436,1972,126,CC(=O)N1CCN(c2ccccc2CNC(=O)C(=O)Nc2cccc(C[NH+]3CCCCC3)c2)CC1,m_2718cba____5175848____868436,478.613,1.179,y,infinisee REAL + MMGBSA + amine,-60.21,,,,,No pScore
Cl.C[C@@H]1CCCCN1CC=2C=CC=CC2CN3CCC(=O)N(CC=4C=CC=5OCCCOC5C4)C3=O,CC1CCCCN1CC=2C=CC=CC2CN3CCC(=O)N(CC=4C=CC=5OCCCOC5C4)C3=O,C-1972-66,Z8740867832,mRDB,125.2,5-6 weeks,C[C@@H]1CCCCN1Cc1ccccc1CN1CCC(=O)N(Cc2ccc3c(c2)OCCCO3)C1=O.Cl,65.0,0.6601941747572816,66,m_277130aaa____15460720____15467308____14751406,1972,66,C[C@@H]1CCCC[N@@H+]1Cc1ccccc1CN1CCC(=O)N(Cc2ccc3c(c2)OCCCO3)C1=O,m_277130aaa____15460720____15467308____14751406,478.613000000001,3.1597,y,infinisee patent1 + MMGBSA,-67.58,,,,,No pScore
Cl.C[C@@H]1CCCCN1CC=2C=CC=CC2CN3C(=O)CCN(CC=4C=CC=CC4N5CCN(CC5)C(=O)C)C3=O,CC1CCCCN1CC=2C=CC=CC2CN3C(=O)CCN(CC=4C=CC=CC4N5CCN(CC5)C(=O)C)C3=O,C-1972-125,Z8740899278,mRDB,125.2,5-6 weeks,CC(=O)N1CCN(c2ccccc2CN2CCC(=O)N(Cc3ccccc3CN3CCCC[C@H]3C)C2=O)CC1.Cl,124.0,0.6601941747572816,125,m_277130aaa____15461078____15467308____14751406,1972,125,CC(=O)N1CCN(c2ccccc2CN2CCC(=O)N(Cc3ccccc3C[N@H+]3CCCC[C@H]3C)C2=O)CC1,m_277130aaa____15461078____15467308____14751406,532.705,2.667,y,infinisee REAL + MMGBSA + amine,-60.25,,,m_277130aaa____15459340____15468200____14751406,0.81,No pScore
Cl.CC(C)C=1C=CC(CN(C2CC2)C(=O)CNC=3C=CC=CC3CN4CCC(CO)CC4)=CC1,Cl.CC(C)C=1C=CC(CN(C2CC2)C(=O)CNC=3C=CC=CC3CN4CCC(CO)CC4)=CC1,C-1972-39,Z8740336535,sRDB,83.2,5-6 weeks,CC(C)c1ccc(CN(C(=O)CNc2ccccc2CN2CCC(CO)CC2)C2CC2)cc1.Cl,38.0,0.6354166666666666,39,m_38bba____2745548____10347726,1972,39,CC(C)c1ccc(CN(C(=O)CNc2ccccc2C[NH+]2CCC(CO)CC2)C2CC2)cc1,m_38bba____2745548____10347726,450.647,3.2003,y,infinisee patent1 + MMGBSA,-70.87,,,,,No pScore
