Participant ID,rank,smiles,Enamine catalog ID,mol_weight,logP,PAINS passed [y/n],Method,MMGBSA,Wim Recc.,Jude Recc.,Vina Score,Pharmaco score
1972,,Cc1cc(C)cc(C(=O)Nc2cc(S(=O)(=O)N3CCCC3)ccc2OCC(F)(F)F)c1,Z28425221,456.4860000000002,4.281340000000003,,vina + fingerprints,-999.0,,,-9.6,
1972,,O=C(NCCc1ccc2ccccc2n1)NCc1nnnn1-c1ccccc1,Z1149229738,373.4200000000001,2.2523999999999997,,vina + fingerprints,-999.0,,,-9.4,
1972,,N#Cc1cccc(-c2c[nH]c(CNC(=O)C3CCC4CCCCC4C3)n2)c1,Z1549121910,362.47700000000026,4.1710800000000035,,vina + fingerprints,-999.0,,,-9.3,
1972,,O=C(CSc1nnc(-c2cccc(Cl)c2)o1)N1CCCC1c1ccc2c(c1)OCCO2,Z66736332,457.93900000000025,4.6170000000000035,,vina + fingerprints,-999.0,,,-9.2,
1972,,CN1CCCc2cc(CNC(=O)NC3N=C(c4ccccc4)NS3)ccc21,Z940677828,381.50500000000005,2.8500000000000014,,vina + fingerprints,-999.0,,,-9.4,
1972,,CC1(c2cccc(NC(=O)c3ccc4c(c3)OCO4)c2)NC(=O)NC1=O,Z424328864,353.33400000000006,1.7222,,vina + fingerprints,-999.0,,,-9.6,
1972,,CC1(c2cccc(NC(=O)c3ccc(-n4cncn4)cc3)c2)NC(=O)NC1=O,Z424331798,376.37600000000015,1.5741999999999992,,vina + fingerprints,-999.0,,,-9.5,
1972,,CC1(c2cccc(NC(=O)c3cncc(Br)c3)c2)NC(=O)NC1=O,Z424328848,389.2090000000001,2.151,,vina + fingerprints,-999.0,,,-9.2,
1972,,CC1Oc2ccc(NC(=O)c3cc4c(s3)-c3ccccc3OC4)cc2NC1=O,Z110098782,392.4360000000001,4.279200000000002,,vina + fingerprints,-999.0,,,-9.6,
1972,,Cc1cc(C)n2ncc(-c3noc(C4CCOc5ccccc54)n3)c2n1,Z1170087494,347.37800000000004,3.3105400000000023,,vina + fingerprints,-999.0,,,-9.4,
1972,,CC1CC(CNC(=O)CNC(=O)Cc2cccc3ccccc23)CCO1,Z1576336781,354.45,2.4298,,vina + fingerprints,-999.0,,,-9.2,
1972,,Cn1c(=O)c2ccc(C(=O)NCC(c3c(F)cccc3Cl)[NH+]3CCCC3)nc2n(C)c1=O,Z384410828,460.91700000000026,0.5744999999999996,,vina + fingerprints,-999.0,,,-9.5,
1972,,C[NH+]1CCC2(CC1)CC(NC(=O)c1ccc3ncsc3c1)c1ccccc1O2,Z52238270,394.52000000000015,2.5972,,vina + fingerprints,-999.0,,,-9.7,
1972,,Cc1ccc(-n2nnnc2SCC(=O)Nc2ccc3c(c2)OCCCO3)cc1C,Z66760382,411.48700000000025,3.171240000000002,,vina + fingerprints,-999.0,,,-9.2,
1972,,O=C(CSCC(=O)Nc1ccc(OCc2ccccc2)cc1)Nc1ccc(OCc2ccccc2)cc1,Z57046902,512.6310000000003,6.155000000000005,,vina + MMGBSA,-77.25,,,-9.4,
1972,,CC[NH+](CC)CCNC(=O)c1ccc(NC(=O)C2c3ccccc3Oc3ccccc32)cc1,Z26393337,444.5550000000003,3.2174000000000014,,vina + MMGBSA,-67.74,,,-9.4,
1972,,CC1(C)C(=O)Nc2ccccc2N1C(=O)COC(=O)c1nn(Cc2ccccc2)c(=O)c2ccccc12,Z15497168,496.52300000000025,3.3655000000000017,,vina + MMGBSA,-67.24,,,-9.8,
1972,,O=C(Cc1ccccc1F)N1CCN(C(=O)NCc2ccccc2COCc2ccccc2)CC1,Z885889506,475.56400000000025,4.139000000000003,,vina + MMGBSA,-67.18,,,-9.3,
1972,,CCN(c1ccccc1)S(=O)(=O)c1cc(C(=O)NCC(c2ccco2)[NH+]2CCCCC2)ccc1C,Z26996491,496.6530000000002,3.3431200000000008,,vina + MMGBSA,-66.91,,,-9.3,
1972,,COc1ccccc1C(CNC(=O)c1ccc2c(=O)n3c(nc2c1)CCCCC3)[NH+]1CCCC1,Z28475766,461.5860000000003,2.2813,,vina + MMGBSA,-66.43,,,-9.3,
1972,,O=C(CSc1nnc(-c2cc(-c3ccc(Cl)cc3)nc3ccccc23)o1)n1cc[nH]c1=O,Z15438013,463.90600000000006,4.5275000000000025,,vina + MMGBSA,-66.24,,,-9.6,
1972,,Cc1nc(NC(=O)CCCc2nc3ccccc3c(=O)[nH]2)sc1Cc1ccc2c(c1)OCO2,Z29000042,462.53100000000023,3.9689200000000033,,vina + MMGBSA,-65.42,,,-9.7,
1972,,O=C(C=Cc1ccccc1)NC1=[N+]=C2N=CC=CN2Cc2ccccc21,Z56786272,341.39400000000006,2.0997,,vina + MMGBSA,-65.12,,,-10.3,
1972,,Cc1ccc(NC(=O)Cc2nc(CSc3nnc(-c4ccc5c(c4)OCO5)o3)cs2)cc1,Z19456024,466.54400000000027,4.703720000000003,,vina + MMGBSA,-65.06,,,-9.4,
1972,,CC1CCC[NH+](Cc2ccc(CNC(=O)CCCOc3ccc4c(c3)CCC(=O)N4)cc2)C1,Z421504842,450.6030000000003,2.8614999999999995,,vina + MMGBSA,-64.74,,,-9.2,
1972,,C[NH+]1CCc2nc(C=Cc3cccc(OCc4cccc(C#N)c4)c3)[nH]c(=O)c2C1,Z2026306780,399.4740000000002,1.9617799999999996,,vina + MMGBSA,-64.55,,,-9.9,
1972,,CCc1noc2ncc(C(=O)NCc3ccccc3C[NH+]3CCCCC3C)cc12,Z759571834,393.51100000000025,2.6725000000000003,,vina + MMGBSA,-64.52,,,-9.2,
1972,,C[NH+]1CCN(C(c2ccccc2)c2nc(-c3ccc(Oc4ccc(F)cc4)nc3)no2)CC1,Z1908278290,446.50600000000014,2.9827000000000012,,vina + MMGBSA,-64.27,,,-9.5,
1972,,Cc1ccc(NS(=O)(=O)c2cc(NC(=O)C(c3ccccc3)c3ccccc3)ccc2Cl)c(C)c1,Z26525003,505.0390000000002,6.528240000000005,,vina + MMGBSA,-64.21,,,-9.7,
1972,,O=C(Cc1csc(-c2ccccc2)n1)Nc1nc(-c2ccc3c(c2)CC(=O)N3)cs1,Z70928431,432.53000000000014,4.6094000000000035,,vina + MMGBSA,-64.13,,,-9.2,
1972,,O=C1CN(c2ccc(NC(=O)NC(CN3CCCC3=O)c3ccccc3)cn2)CCN1,Z434564418,422.48900000000026,1.502999999999999,,vina + MMGBSA,-63.64,,,-9.6,
1972,,Cc1ccc2nc(COC(=O)C3c4ccccc4Oc4ccccc43)cc(=O)n2c1,Z54071732,398.4180000000001,3.983920000000003,,vina + MMGBSA,-63.39,,,-9.9,
1972,,O=C(NC1CCSc2ccc(F)cc21)c1ccc(NS(=O)(=O)c2ccc3[nH]c(=O)[nH]c3c2)cc1,Z131483750,498.5610000000002,3.7630000000000017,,vina + MMGBSA,-63.21,,,-9.7,
1972,,O=C(NC(c1ccccc1)c1ccccc1)c1cccc(C(=O)NC(c2ccccc2)c2ccccc2)c1,Z56755166,496.6100000000002,6.725400000000006,,vina + MMGBSA,-63.13,,,-9.9,
1972,,CC(C)Cn1nc(C(=O)NC(CN2CCCC2=O)c2ccccc2)c2ccccc2c1=O,Z437056864,432.5240000000003,3.1460000000000017,,vina + MMGBSA,-62.66,,,-9.4,
1972,,CCOc1ccc(NC(=O)c2ccc(NC(=O)C3c4ccccc4Oc4ccccc43)cc2)cc1,Z26507979,464.52100000000024,6.213900000000005,,vina + MMGBSA,-62.62,,,-10.1,
1972,,Cc1cc(=O)oc2cc(NC(=O)N(Cc3cccnc3)CC3CCCO3)ccc12,Z603291104,393.44300000000015,3.709520000000003,,vina + MMGBSA,-62.22,,,-9.4,
1972,,O=C(NC1=[N+]=C2N=CC=CN2Cc2ccccc21)c1cc(F)c(F)c(F)c1F,Z56781845,387.31600000000003,2.256500000000001,,vina + MMGBSA,-62.17,,,-9.3,
1972,,Cc1ccc(-c2nnc(-c3ccc(C(=O)NCc4ccccc4C[NH+]4CCCC4)cc3)o2)cc1,Z147088942,453.56600000000026,3.8207200000000032,,vina + MMGBSA,-62.14,,,-9.2,
1972,,Cc1c(C(=O)NCc2ccccc2C[NH+]2CCCCC2C)[nH]c2c1C(=O)CCC2,Z424508008,394.5390000000002,2.72942,,vina + MMGBSA,-61.9,,,-9.2,
1972,,CCN(c1ccccc1)S(=O)(=O)c1cc(C(=O)Nc2cc(S(=O)(=O)N3CCCCC3)ccc2OC)ccc1C,Z27835890,571.7210000000001,4.645720000000004,,vina + MMGBSA,-61.73,,,-9.4,
1972,,Fc1ccc(-c2cnc(C[NH+]3CCCC3Cn3cnc4ccccc43)o2)cc1,Z1523151619,377.4430000000001,3.0779000000000014,,vina + MMGBSA,-61.7,,,-9.3,
1972,,O=C(Nc1ccc(-n2cncn2)nc1)C(Oc1ccccc1)c1ccccc1,Z443024818,371.4000000000001,3.421100000000001,,vina + MMGBSA,-61.7,,,-9.2,
1972,,CC(C)CCn1nc(C(=O)Nc2ccc(-c3nnc4n3CCCCC4)cc2)c2ccccc2c1=O,Z27145007,470.57700000000034,4.679800000000004,,vina + MMGBSA,-61.54,,,-9.6,
1972,,O=C(c1cc(-c2cccc3ccccc23)nc2ccccc12)N(Cc1ccccc1)CC(O)COC(c1ccccc1)c1ccccc1,Z56832037,628.7720000000003,8.864500000000003,,vina + MMGBSA,-61.27,,,-9.7,
1972,,CC1CN(S(=O)(=O)c2cccc(C(=O)NC(c3cccc(F)c3)c3nccn3C)c2)CC(C)O1,Z167565772,486.56900000000013,2.876500000000001,,vina + MMGBSA,-61.19,,,-9.5,
1972,,CS(=O)(=O)c1ccc2nc(NC(=O)C(c3ccccc3)c3ccccc3)sc2c1,Z28180098,422.53100000000006,4.470400000000003,,vina + MMGBSA,-61.17,,,-10.0,
1972,,Cn1nc(C(=O)Nc2cc(S(=O)(=O)N3CCCCC3)ccc2Cl)c2ccccc2c1=O,Z30491927,460.9430000000003,3.0138000000000007,,vina + MMGBSA,-61.08,,,-9.2,
1972,,Cn1nc(C(=O)Nc2cc(S(=O)(=O)N3CCCCC3)ccc2Cl)c2ccccc2c1=O,Z30491927,460.9430000000003,3.0138000000000007,,vina + MMGBSA,-61.08,,,-9.2,
1972,,O=C1NCC(COC(=O)c2cc(-c3ccc(Cl)cc3)nc3ccccc23)O1,Z57014360,382.803,3.820400000000002,,vina + MMGBSA,-61.0,,,-9.3,
1972,,Cc1ccc(NC(=O)C(OC(=O)C2CCC(=O)N2)c2ccccc2)cc1Cl,Z71213470,386.8350000000001,3.1500200000000014,,vina + MMGBSA,-60.87,,,-9.2,
1972,,CN(c1ccccc1)S(=O)(=O)c1cccc(NC(=O)COc2cccc(-n3cnnn3)c2)c1,Z16884331,464.5070000000001,2.5049,,vina + MMGBSA,-60.81,,,-9.3,
1972,,COc1ccc(C2CCCCC[NH+]2CCC(=O)Nc2ccc(N3CCCC3=O)cc2)cc1,Z126474592,436.57600000000025,3.3508000000000013,,vina + MMGBSA,-60.66,,,-9.4,
1972,,Cc1ccc(C)c(N2C(=O)c3ccc(C(=O)Nc4ccccc4C(=O)NC4CC4)cc3C2=O)c1,Z27609293,453.4980000000003,4.248540000000003,,vina + MMGBSA,-60.65,,,-10.0,
1972,,O=C(Nc1ccc(C(=O)NC2CC2)c(Cl)c1)NC(CN1CCCC1=O)c1ccccc1,Z595617162,440.93100000000027,3.7174000000000023,,vina + MMGBSA,-60.55,,,-9.3,
1972,,O=C(Nc1cc(C(F)(F)F)ccc1-n1cncn1)c1ccc(NC(=O)c2cccs2)cc1,Z73321941,457.43700000000007,4.8522000000000025,,vina + MMGBSA,-60.51,,,-9.3,
1972,,c1ccc(C(CNc2ncnc3c2cnn3-c2ncccn2)c2ccccc2)cc1,Z1502689706,393.4540000000001,3.8495000000000017,,vina + MMGBSA,-60.49,,,-9.7,
1972,,CC(Sc1nnc(-c2cc(-c3cccs3)nc3ccccc23)o1)C(=O)c1c(N)n(C)c(=O)n(C)c1=O,Z15436840,520.5960000000002,3.3564000000000016,,vina + MMGBSA,-60.43,,,-9.2,
1972,,CCOC(=O)c1ccccc1NC(=O)c1ccc2c(c1)C(=O)N(c1ccc(Cl)c(Cl)c1)C2=O,Z30616958,483.30700000000024,5.223000000000003,,vina + MMGBSA,-60.41,,,-9.3,
1972,,CCOc1ccc2nc(NC(=O)C(c3ccccc3)c3ccccc3)sc2c1,Z30206139,388.49200000000013,5.465600000000004,,vina + MMGBSA,-60.37,,,-9.3,
1972,,COc1ccc(C(C)(C)C)cc1NC(=O)c1ccc2c(c1)S(=O)(=O)c1ccccc1C2=O,Z26834944,449.5280000000002,4.622200000000004,,vina + MMGBSA,-60.14,,,-9.9,
1972,,O=C1Cc2cc(-c3csc(NC(=O)C(c4ccccc4)c4ccccc4)n3)ccc2N1,Z70926373,425.5130000000001,5.075300000000003,,vina + MMGBSA,-60.13,,,-10.0,
1972,,CN(Cc1nc2ccccc2c(=O)[nH]1)C(=O)COc1ccccc1Cc1ccccc1,Z30085309,413.47700000000015,3.551300000000002,,vina + MMGBSA,-59.85,,,-9.3,
1972,,Cc1cc(C(=O)N2CCN(C(=O)Nc3cccc(Cn4cccnc4=O)c3)CC2)c(C)o1,Z603722276,435.4840000000002,2.49134,,vina + MMGBSA,-59.77,,,-9.4,
1972,,Cc1noc2ncc(C(=O)N3CCN(C(=O)C(c4ccccc4)c4ccccc4)CC3)cc12,Z289492786,440.5030000000002,3.6477200000000023,,vina + MMGBSA,-59.7,,,-9.6,
1972,,CC1CN(S(=O)(=O)c2cccc(C(=O)NC(c3ccccc3F)c3nccn3C)c2)CC(C)O1,Z167572918,486.56900000000013,2.876500000000001,,vina + MMGBSA,-59.63,,,-9.4,
1972,,N#Cc1c2c(n(CCc3ccc(Cl)cc3Cl)c1N)N=C1CC=CC=C1N2,Z55700194,384.27,4.833280000000002,,vina + MMGBSA,-59.57,,,-9.3,
1972,,NC(=O)C1CCC[NH+](Cc2ccc(NC(=O)C3CCN(C(=O)COc4ccccc4)CC3)cc2)C1,Z991655380,479.6010000000003,1.222900000000002,,vina + MMGBSA,-59.56,,,-9.3,
1972,,CCCCn1nc(C(=O)Nc2cccc(S(=O)(=O)N3CCCC3)c2)c2ccccc2c1=O,Z30225557,454.55200000000025,3.2334000000000023,,vina + MMGBSA,-59.54,,,-9.4,
1972,,COc1cc(OC)c(NS(=O)(=O)c2cc(C(=O)Nc3ccccc3-c3ccccc3)ccc2C)cc1Cl,Z56893079,537.0370000000003,6.385720000000005,,vina + MMGBSA,-59.46,,,-9.8,
1972,,COc1ccc(S(=O)(=O)N(C)C)cc1NC(=O)c1oc2ccccc2c1COc1ccccc1,Z29560053,480.5420000000002,4.523000000000003,,vina + MMGBSA,-59.46,,,-9.4,
1972,,CC(C1CC2CCC1C2)N1C(=O)C(=O)N(CC(=O)Nc2ccc3c(c2)OCCO3)C1=O,Z26303988,427.45700000000033,2.011799999999999,,vina + MMGBSA,-59.44,,,-10.3,
1972,,CCOc1ccccc1-n1c(SCC(=O)NC(c2ccccc2)c2ccccc2)nc2ccccc2c1=O,Z19413890,521.6420000000002,5.7823000000000055,,vina + MMGBSA,-59.28,,,-9.3,
1972,,O=C(CSc1nnc(-c2nn(Cc3ccccc3)c(=O)c3ccccc23)o1)n1cc[nH]c1=O,Z15434645,460.4750000000002,2.4171000000000005,,vina + MMGBSA,-59.13,,,-9.3,
1972,,CC(C)Cn1nc(C(=O)NNC(=O)c2n[nH]c(=O)c3ccccc23)c2ccccc2c1=O,Z29576985,432.4400000000002,1.3637999999999992,,vina + MMGBSA,-59.11,,,-9.9,
1972,,c1ccc(-c2nnc(CSc3nc(-c4ccccc4)c(-c4ccccc4)o3)o2)cc1,Z16024164,411.4860000000001,6.350900000000005,,vina + MMGBSA,-58.98,,,-9.5,
1972,,NC(=O)c1ccc(N2CCCC2)c(NC(=O)c2ccc3c(c2)CCC(=O)N3)c1,Z165037048,378.4320000000002,2.5226999999999995,,vina + MMGBSA,-58.98,,,-9.5,
1972,,O=C(Nc1cc(S(=O)(=O)N2CCOCC2)ccc1O)c1ccc2c(c1)S(=O)(=O)c1ccccc1C2=O,Z56796268,528.5640000000003,2.0426,,vina + MMGBSA,-58.97,,,-9.9,
1972,,O=c1oc2cc(OCc3c(F)cccc3Cl)ccc2cc1-c1ccc2ccccc2n1,Z62503008,431.85000000000014,6.379700000000003,,vina + MMGBSA,-58.95,,,-9.6,
1972,,C[NH+]1CCC2(CC1)CC(NC(=O)CCC(=O)c1ccc3c(c1)OCCCO3)c1ccccc1O2,Z52237248,465.5700000000004,2.498100000000001,,vina + MMGBSA,-58.94,,,-10.6,
1972,,COc1ccc(C(CNC(=O)c2ccc(C)c(S(=O)(=O)N3CCCCC3)c2)[NH+]2CCCC2)cc1,Z26590053,486.6580000000003,2.3280199999999995,,vina + MMGBSA,-58.9,,,-9.3,
1972,,Cn1c(=O)c2ccc(C(=O)NCC(c3c(F)cccc3Cl)[NH+]3CCCC3)nc2n(C)c1=O,Z384410828,460.91700000000026,0.5744999999999996,,vina + MMGBSA,-58.84,,,-9.5,
1972,,O=C(NC(c1ccccc1)c1ccccc1)c1ccc(=O)n(Cc2ccccc2)n1,Z26724154,395.46200000000005,3.8110000000000026,,vina + MMGBSA,-58.8,,,-9.2,
1972,,Cc1cc(=O)oc2cc(NC(=O)N(Cc3ccncc3)CC3CCCO3)ccc12,Z827563848,393.44300000000015,3.709520000000003,,vina + MMGBSA,-58.79,,,-9.2,
1972,,NC(=O)c1ccc(N2CCCC2)c(NC(=O)c2ccc3c(c2)CCC3)c1,Z165032238,349.4340000000002,3.1267000000000005,,vina + MMGBSA,-58.77,,,-9.3,
1972,,O=C(C1CN(Cc2coc(-c3ccc(F)cc3)n2)c2ccccc2O1)N1CCCCC1,Z286705198,421.47200000000026,4.260800000000003,,vina + MMGBSA,-58.74,,,-9.7,
1972,,CC1CC(C)CN(S(=O)(=O)c2cccc(C(=O)NC(c3cccc(F)c3)c3nccn3C)c2)C1,Z167565794,484.59700000000015,3.745200000000003,,vina + MMGBSA,-58.69,,,-9.5,
1972,,Cc1cc(-c2noc(CNC3CCc4ccccc4OC3)n2)ccc1F,Z2015783938,353.3970000000001,3.6675200000000023,,vina + MMGBSA,-58.65,,,-9.2,
1972,,O=C(CSc1nnc(-c2nn(Cc3ccccc3)c(=O)c3ccccc23)o1)NC12CC3CC(CC(C3)C1)C2,Z15435448,527.6500000000003,4.671900000000004,,vina + MMGBSA,-58.58,,,-9.4,
1972,,O=C(Nc1ccc(Cl)c(S(=O)(=O)N2CCCC2)c1)C(c1ccccc1)c1ccccc1,Z26550335,454.9790000000002,4.895100000000005,,vina + MMGBSA,-58.56,,,-9.7,
1972,,Cc1ccc(NC(=O)c2cc3c(C)nn(-c4ccc(F)cc4)c3s2)cc1S(=O)(=O)Nc1cccc(Cl)c1,Z26495494,555.0560000000003,6.549440000000004,,vina + MMGBSA,-58.52,,,-9.4,
1972,,CC1Cc2ccccc2N1C(=O)CNc1ccccc1C(=O)NCC1CCCO1,Z126353786,393.48700000000025,2.985100000000002,,vina + MMGBSA,-58.4,,,-9.7,
1972,,O=C(Nc1cc(Cl)cc(Cl)c1)C(Oc1cccnc1[N+](=O)[O-])c1ccccc1,Z54348029,418.23600000000005,5.055400000000003,,vina + MMGBSA,-58.36,,,-9.3,
1972,,Cc1ccc(S(C)(=O)=O)cc1C(=O)Nc1ccc(-c2nc3c(F)cccc3[nH]2)cc1,Z1151471079,423.46900000000016,4.3332200000000025,,vina + MMGBSA,-58.34,,,-9.9,
1972,,CC1(CSc2ccccc2C(=O)NCc2ccccc2C[NH+]2CCCC2)NC(=O)NC1=O,Z110043482,453.58800000000025,1.4854999999999996,,vina + MMGBSA,-58.27,,,-9.8,
1972,,Cn1c(=O)[nH]c2cc(C(=O)NC(c3ccccc3)c3ccccc3)ccc21,Z828019508,357.41300000000007,3.386000000000001,,vina + MMGBSA,-58.15,,,-9.2,
1972,,N#Cc1cccc(COc2cccc(NC(=O)c3cnn(-c4ccc(=O)[nH]n4)c3C(F)(F)F)c2)c1,Z407898414,480.4060000000001,3.677380000000001,,vina + MMGBSA,-58.14,,,-9.4,
1972,,CCCCCn1nc(C(=O)Nc2cccc(-c3ccc(=O)[nH]n3)c2)c2ccccc2c1=O,Z952433024,429.4800000000001,3.5893000000000015,,vina + MMGBSA,-58.14,,,-9.2,
1972,,Cc1ccc(NC(=O)c2cccc(S(=O)(=O)N3c4ccccc4CC3C)c2)cc1S(=O)(=O)N1CCCCC1,Z26478829,553.706,4.5618200000000035,,vina + MMGBSA,-58.13,,,-9.6,
1972,,O=C(CCc1nc2c(cnn2-c2ccccc2)c(=O)[nH]1)Nc1nc2c(s1)CCCC2,Z212044016,420.49800000000016,3.0154000000000014,,vina + MMGBSA,-58.12,,,-9.4,
1972,,N#Cc1c(NC(=O)c2nn(Cc3ccccc3)c(=O)c3ccccc23)sc2c1CCCC2,Z27368796,440.5280000000002,4.509080000000003,,vina + MMGBSA,-58.1,,,-9.2,
1972,,CC1CN(c2ccc(NC(=O)NC(CN3CCCC3=O)c3ccccc3)cn2)CC(C)O1,Z434550348,437.54400000000027,3.1804000000000014,,vina + MMGBSA,-57.92,,,-9.8,
1972,,O=C(NC1CCN(C(=O)c2ccccc2OCc2ccncc2)CC1)c1ccccc1,Z338935782,415.4930000000001,3.6952000000000025,,vina + MMGBSA,-57.87,,,-9.3,
1972,,O=C(Nc1cccc(-n2cnnn2)c1)C1c2ccccc2Oc2ccccc21,Z28052872,369.38400000000007,3.5386000000000024,,vina + MMGBSA,-57.86,,,-10.4,
1972,,O=C(Nc1cccc(S(=O)(=O)N2CCOCC2)c1)c1nn(Cc2ccccc2)c(=O)c2ccccc12,Z30000464,504.5680000000003,2.718000000000001,,vina + MMGBSA,-57.83,,,-9.8,
1972,,CCS(=O)(=O)c1ccc(O)c(NC(=O)c2cc3c(s2)-c2ccccc2CC3)c1,Z69137962,413.52000000000015,4.265200000000003,,vina + MMGBSA,-57.79,,,-9.4,
1972,,COc1ccc2oc(C(=O)Nc3cc(S(=O)(=O)N4CCCCC4)ccc3Cl)c(C)c2c1,Z30490832,462.9550000000004,4.830120000000004,,vina + MMGBSA,-57.78,,,-9.3,
1972,,CC1(c2ccc(F)c(F)c2)NC(=O)N(CC(=O)Nc2ccccc2C(=O)NCc2ccco2)C1=O,Z152170242,482.4430000000002,2.8935000000000013,,vina + MMGBSA,-57.72,,,-9.7,
1972,,Cc1cc(S(N)(=O)=O)cc(NC(=O)c2oc3ccccc3c2CSc2nccn2C)c1C,Z915748980,470.57600000000025,3.9751400000000023,,vina + MMGBSA,-57.67,,,-9.3,
1972,,Cc1ccc(-c2cc(NC(=O)CN3CC(C(=O)N4CCOCC4)Oc4ccccc43)on2)cc1,Z126244654,462.5060000000003,2.714920000000001,,vina + MMGBSA,-57.66,,,-9.4,
1972,,Cc1cc(C)cc(NC(=O)C(c2ccccc2)N2CCC(n3cccn3)CC2)c1,Z1161461003,388.515,4.516840000000004,,vina + MMGBSA,-57.64,,,-9.8,
1972,,O=C(CCC(=O)n1ccc(-c2ccccc2)n1)OCc1nc2ccccc2c(=O)[nH]1,Z54705584,402.41000000000014,2.9504,,vina + MMGBSA,-57.62,,,-9.3,
1972,,O=C(CN1NN=C(c2ccc(Cl)cc2)N1)Nc1ccccc1Cc1ccccc1,Z17792342,405.8890000000001,3.555900000000003,,vina + MMGBSA,-57.61,,,-9.6,
1972,,NC(=O)c1nn(CC(=O)Nc2ccc3nc(N4CCOCC4)sc3c2)c(=O)c2ccccc12,Z70970921,464.5070000000003,1.5803999999999996,,vina + MMGBSA,-57.53,,,-10.1,
1972,,Cc1ccc(NC(=O)COC(=O)C(NS(=O)(=O)c2ccc3ccccc3c2)C(C)O)cc1[N+](=O)[O-],Z16082698,501.51700000000034,2.26602,,vina + MMGBSA,-57.44,,,-9.3,
1972,,O=C(NCCc1cccc(Cl)c1)c1ccc(NS(=O)(=O)c2ccc3[nH]c(=O)[nH]c3c2)cc1,Z52316073,470.9380000000002,3.2829000000000015,,vina + MMGBSA,-57.35,,,-9.2,
1972,,Cc1ccc(C(=O)Nc2cc(S(=O)(=O)N3CCOCC3)ccc2N2CCCC2)c(C)c1,Z26531389,443.56900000000036,3.176840000000001,,vina + MMGBSA,-57.28,,,-9.6,
1972,,O=C(Nc1cccc(OCc2cccnc2)c1)NC(CN1C=CCC1=O)c1ccccc1,Z511478572,428.4920000000002,4.269400000000004,,vina + MMGBSA,-57.28,,,-9.2,
1972,,Cc1ccc(NC(=O)NNC(=O)c2cc(-c3ccccc3Cl)nc3ccccc23)cc1,Z44613302,430.8950000000001,5.330120000000003,,vina + MMGBSA,-57.27,,,-9.7,
1972,,CC1CC(C)C[NH+](Cc2ccc(CNC(=O)c3cccc(S(=O)(=O)N4CCNC(=O)C4)c3)cc2)C1,Z435325456,499.65700000000027,0.7979000000000016,,vina + MMGBSA,-57.25,,,-9.3,
1972,,O=C(NCc1ccc(-n2cccn2)nc1)Nc1cccc(COCC2CCCCO2)c1,Z595682644,421.50100000000003,3.6747000000000023,,vina + MMGBSA,-57.22,,,-9.5,
1972,,Cn1c(=O)c2ccc(C(=O)Nc3cccc(-n4cc[nH]c4=O)c3)nc2n(C)c1=O,Z452203682,392.37500000000006,0.36349999999999977,,vina + MMGBSA,-57.17,,,-9.3,
1972,,N#Cc1c(NC(=O)c2nn(Cc3ccccc3)c(=O)c3ccccc23)sc2c1CCCCC2,Z28338653,454.55500000000023,4.899180000000004,,vina + MMGBSA,-57.16,,,-9.3,
1972,,C[NH+]1CCC2(CC1)CC(NC(=O)c1ccc3ncsc3c1)c1ccccc1O2,Z52238270,394.52000000000015,2.5972,,vina + MMGBSA,-57.16,,,-9.7,
1972,,COc1ccc(C(=O)NC(c2ccccc2)c2ccccc2)cc1S(=O)(=O)N1CCCc2ccccc21,Z26725177,512.6310000000003,5.356100000000005,,vina + MMGBSA,-57.14,,,-10.3,
1972,,NC(=O)c1ccc(N2CCCC2)c(NC(=O)c2ccc3c(c2)OCC(=O)N3)c1,Z165035696,380.4040000000002,1.9688999999999994,,vina + MMGBSA,-57.11,,,-9.2,
1972,,Cc1ccc(Cn2nc(C)c3cc(C(=O)Nc4cc(Cl)ccc4Oc4ccccc4)sc32)cc1,Z29037068,488.01200000000017,7.460940000000004,,vina + MMGBSA,-56.99,,,-9.3,
1972,,COC(=O)c1cccc2c1CCCN2C(=O)c1cc2c(C)nn(Cc3ccc(F)cc3)c2s1,Z240857890,463.5340000000003,4.973220000000004,,vina + MMGBSA,-56.99,,,-9.2,
1972,,CC1CN(S(=O)(=O)c2cccc(C(=O)Nc3cc(C(F)(F)F)ccc3-n3cncn3)c2)CC(C)O1,Z28535208,509.5100000000001,3.3363000000000014,,vina + MMGBSA,-56.98,,,-9.9,
1972,,COc1ccc(S(=O)(=O)Nc2ccccc2OC)cc1NC(=O)c1ccc2c(c1)S(=O)(=O)c1ccccc1C2=O,Z27831219,578.6240000000003,4.134100000000003,,vina + MMGBSA,-56.92,,,-9.3,
1972,,Cc1nc(NC(=O)c2cccc(S(=O)(=O)N3CCCC3)c2)sc1Cc1ccc2c(c1)OCO2,Z29000745,485.5870000000003,3.807820000000003,,vina + MMGBSA,-56.9,,,-9.3,
1972,,NC(=O)c1nn(CC(=O)Nc2ccc(Oc3ccc(Br)cc3)cc2)c(=O)c2ccccc12,Z64437148,493.3170000000001,3.688900000000001,,vina + MMGBSA,-56.89,,,-10.0,
1972,,O=C(Nc1ccc(-n2cncn2)nc1)NC(c1ccccc1)c1ccccn1,Z434371628,371.40400000000005,2.968400000000001,,vina + MMGBSA,-56.83,,,-9.4,
1972,,O=C(Nc1cccc(S(=O)(=O)N=C2CCCCCN2)c1)c1cc(-c2ccco2)nc2ccccc12,Z275595534,488.56900000000024,4.997900000000004,,vina + MMGBSA,-56.82,,,-10.6,
1972,,CC(=O)Nc1ccc(-c2ccc(S(=O)(=O)N3CCC(C(=O)Nc4ccc(F)cc4)CC3)cc2)cc1,Z1015246950,495.5760000000003,4.490500000000003,,vina + MMGBSA,-56.8,,,-9.3,
1972,,O=C(Nc1ccc(N2CCCCC2)nc1)NC(CN1CCCC1=O)c1ccccc1,Z434236534,407.5180000000003,3.557100000000002,,vina + MMGBSA,-56.72,,,-9.3,
1972,,CC(C(=O)OCC(=O)N1c2ccccc2Sc2ccccc21)N1C(=O)c2ccccc2C1=O,Z19160155,458.4950000000002,4.043800000000004,,vina + MMGBSA,-56.69,,,-9.2,
1972,,CC(CCc1ccccc1)NC(=O)CSc1nnc(COc2ccccc2F)n1C(C)C1CC2CCC1C2,Z13631118,536.7170000000003,6.223000000000007,,vina + MMGBSA,-56.67,,,-9.3,
1972,,COc1ccccc1C(CNC(=O)c1ccc(C)c(S(=O)(=O)N2CCCCC2)c1)[NH+]1CCCC1,Z28477123,486.6580000000003,2.3280199999999995,,vina + MMGBSA,-56.64,,,-9.3,
1972,,Cc1ccc(C(=O)NCc2ccccc2C[NH+]2CCCC(C)C2)cc1NS(C)(=O)=O,Z422975494,430.5940000000001,2.111319999999999,,vina + MMGBSA,-56.54,,,-9.2,
1972,,O=C(Nc1cccc2cnccc12)c1ccc(C(=O)Nc2cccc3cnccc23)cc1,Z28182243,418.45600000000013,5.287600000000003,,vina + MMGBSA,-56.47,,,-9.5,
1972,,O=C(C[NH+]1CCC(C(=O)Nc2ccccc2O)CC1)Nc1ccccc1C(=O)NCc1ccco1,Z126204450,477.5410000000002,1.787299999999999,,vina + MMGBSA,-56.43,,,-9.5,
1972,,O=C(Nc1cc(S(=O)(=O)N2CCOCC2)ccc1OCC(F)(F)F)c1ccc(N2CCCC2=O)cc1,Z28705013,527.5210000000002,3.027700000000001,,vina + MMGBSA,-56.39,,,-9.4,
1972,,Cc1nc2ccc(NC(=O)C3c4ccccc4Oc4ccccc43)cc2s1,Z28296724,372.4490000000001,5.481020000000003,,vina + MMGBSA,-56.36,,,-9.7,
1972,,COc1ccccc1NC(=O)c1ccc(NC(=O)c2cc(C3CC3)nc3ccccc23)cc1,Z61340801,437.49900000000025,5.625400000000004,,vina + MMGBSA,-56.36,,,-9.4,
1972,,O=C(COc1ccccc1C(=O)c1cnn(-c2ccccc2)c1)Nc1ccc2ccccc2c1,Z15379645,447.49400000000014,5.274000000000004,,vina + MMGBSA,-56.35,,,-9.4,
1972,,COc1ccc(OC)c(-c2csc(NC(=O)C3c4ccccc4Oc4ccccc43)n2)c1,Z29900016,444.51200000000017,5.703600000000004,,vina + MMGBSA,-56.34,,,-9.5,
1972,,O=C(CSc1nnc(COc2ccccc2F)n1-c1ccccc1)NC(=O)Nc1ccccc1F,Z24165290,495.5110000000002,4.564900000000003,,vina + MMGBSA,-56.27,,,-9.3,
1972,,O=C(CN1C(=O)CCOc2ccccc21)Nc1ccc(OC(F)F)c(Cc2ccccc2)c1,Z164977056,452.45700000000005,4.633000000000004,,vina + MMGBSA,-56.27,,,-9.3,
1972,,CC1(c2cccc(NC(=O)c3cccc(NC(=O)C4Cc5ccccc5O4)c3)c2)NC(=O)NC1=O,Z651197700,470.4850000000002,2.9357000000000006,,vina + MMGBSA,-56.26,,,-10.1,
1972,,CCCn1nc(C(=O)OCc2nc3sc4c(c3c(=O)[nH]2)CCC(C)C4)c2ccccc2c1=O,Z53847968,464.5470000000003,3.5863000000000023,,vina + MMGBSA,-56.18,,,-9.6,
1972,,O=C1CN(S(=O)(=O)c2cccc(C(=O)NCC3(c4ccccc4)CCCC3)c2)CCN1,Z301173044,441.55300000000017,2.0488999999999997,,vina + MMGBSA,-56.17,,,-9.3,
1972,,O=C1CCC([NH2+]Cc2cccc(NC(=O)c3ccc(Cl)cc3)c2)C2(CCC2)N1,Z2017622598,398.914,2.8569999999999993,,vina + MMGBSA,-56.17,,,-9.4,
1972,,COC(=O)c1sc(N2CCOCC2)nc1NC(=O)c1ccc2c(c1)C(=O)N(Cc1ccco1)C2=O,Z570732974,496.5010000000004,2.407800000000001,,vina + MMGBSA,-56.15,,,-9.3,
1972,,O=C(NC(c1ccccc1)c1ccccc1)c1cccc(S(=O)(=O)N2CCCC2)c1,Z26725465,420.534,3.9905000000000035,,vina + MMGBSA,-56.14,,,-9.6,
1972,,O=C(CCC(=O)c1ccc2ccc3cccc4ccc1c2c34)Nc1ccccc1Cn1cncn1,Z1082748738,458.5210000000002,5.825400000000005,,vina + MMGBSA,-56.1,,,-10.0,
1972,,O=C(Sc1nnc(-c2ccccc2)o1)N1c2ccccc2Sc2ccccc21,Z56833839,403.4880000000001,6.251600000000003,,vina + MMGBSA,-56.08,,,-9.4,
1972,,Cc1cccc(NC(=O)NCC(=O)Nc2ccccc2C(=O)Nc2ccc(Cl)cn2)c1,Z1023236172,437.8870000000001,4.055920000000002,,vina + MMGBSA,-56.07,,,-9.5,
1972,,C[NH+]1CCN(c2ccc(Cl)cc2NC(=O)Cn2c3ccccc3c(=O)c3ccccc32)CC1,Z223601022,461.9730000000003,2.781500000000001,,vina + MMGBSA,-56.04,,,-9.2,
1972,,O=C(Nc1ccc(Cl)c(C(F)(F)F)c1)C(c1ccccc1)[NH+]1CCCC(O)C1,Z44521461,413.84700000000004,3.0782000000000016,,vina + MMGBSA,-56.04,,,-9.4,
1972,,O=C(Nc1nc(-c2ccncc2)cs1)C1c2ccccc2Oc2ccccc21,Z29461321,385.4480000000001,5.081400000000003,,vina + MMGBSA,-56.0,,,-9.5,
1972,,Cc1ccc(NC(=O)CN2C(=O)NC(CCc3ccccc3)C2=O)cc1S(=O)(=O)N1CCCCC1,Z15559864,498.60500000000036,2.661320000000001,,vina + MMGBSA,-56.0,,,-9.5,
1972,,CC(Nc1nc(C2=CC=C3C=c4ccccc4=C3C2)cs1)c1ccccc1,Z48853292,368.50500000000005,4.674700000000004,,vina + MMGBSA,-55.96,,,-9.6,
1972,,CC(=O)n1ccc2cc(C(=O)NC3CC4(CC[NH+](C)CC4)Oc4ccccc43)ccc21,Z167052542,418.5170000000002,2.6022999999999996,,vina + MMGBSA,-55.95,,,-10.4,
1972,,Cc1cc(CSc2ncccc2C(=O)Nc2ccc(Sc3ccccn3)c(Cl)c2)no1,Z1020883660,468.9910000000001,6.122220000000003,,vina + MMGBSA,-55.9,,,-9.3,
1972,,COc1ccc(S(=O)(=O)N2CCCCC2)cc1NC(=O)c1ccc(S(=O)(=O)N2CCCc3ccccc32)cc1,Z27835773,569.7049999999999,4.263600000000004,,vina + MMGBSA,-55.86,,,-9.4,
1972,,CS(=O)(=O)c1ccc(Cl)c(NC(=O)COC(=O)c2cc(-c3ccc(Cl)s3)nc3ccccc23)c1,Z19384063,535.4300000000003,5.469100000000003,,vina + MMGBSA,-55.79,,,-9.2,
1972,,O=C(CCc1nc2sc3c(c2c(=O)[nH]1)CCCC3)NC1CCCc2ccccc21,Z26396116,407.53900000000027,3.9898000000000025,,vina + MMGBSA,-55.79,,,-9.3,
1972,,O=C(NC(CN1C=CCC1=O)c1ccccc1)c1cc(-c2ccco2)on1,Z437058040,363.3730000000001,3.1517000000000017,,vina + MMGBSA,-55.79,,,-9.3,
1972,,Cc1nc2ccc(NC(=O)c3nn(CC(C)C)c(=O)c4ccccc34)cc2s1,Z28295532,392.48400000000015,4.222920000000003,,vina + MMGBSA,-55.76,,,-9.3,
1972,,O=C(c1ccc(-c2ccccc2F)o1)N(Cc1nc2ccccc2c(=O)[nH]1)CC1CCCO1,Z66998869,447.4660000000001,4.143600000000003,,vina + MMGBSA,-55.56,,,-9.3,
1972,,Cc1noc(CSc2ccccc2C(=O)OCc2nnc3n(C)c(=O)c4ccccc4n23)n1,Z272652062,462.49100000000016,2.921920000000001,,vina + MMGBSA,-55.51,,,-9.3,
1972,,CC(C)Cn1nc(C(=O)Nc2nc3c(s2)C=CC3)c2ccccc2c1=O,Z109955280,366.446,3.3306000000000022,,vina + MMGBSA,-55.5,,,-9.2,
1972,,O=C(Nc1cc(S(=O)(=O)N2CCOCC2)ccc1N1CCCC1)c1cccc(C(F)(F)F)c1,Z26531226,483.51200000000046,3.578800000000002,,vina + MMGBSA,-55.47,,,-9.4,
1972,,NC(=O)c1cc(-c2csc(NC(=O)C(c3ccccc3)c3ccccc3)n2)c[nH]1,Z243129782,402.4790000000001,4.0077000000000025,,vina + MMGBSA,-55.43,,,-9.5,
1972,,O=C(CN1C(=O)CCOc2ccccc21)Nc1cccc(S(=O)(=O)N=C2CCCN2)c1,Z95613533,442.49700000000024,1.9113999999999993,,vina + MMGBSA,-55.42,,,-9.8,
1972,,COc1ccc(S(=O)(=O)N(C)C)cc1NC(=O)c1cccc(S(=O)(=O)n2ccc3ccccc32)c1,Z29561286,513.5970000000002,3.3895000000000026,,vina + MMGBSA,-55.4,,,-9.2,
1972,,C[NH+]1CCN(c2ccccc2CNC(=O)CCc2ccc3ccccc3c2)CC1,Z1118790253,388.5350000000001,2.4235000000000007,,vina + MMGBSA,-55.36,,,-9.4,
1972,,O=C(Nc1ccc(-n2cccn2)nc1)C1c2ccccc2Oc2ccccc21,Z321147906,368.3960000000001,4.143600000000003,,vina + MMGBSA,-55.35,,,-9.9,
1972,,O=C(Nc1cnc(-c2cccc(O)c2)nc1)c1cc2c(s1)-c1ccccc1OC2,Z1082897272,401.4470000000002,4.722400000000002,,vina + MMGBSA,-55.32,,,-9.3,
1972,,N#Cc1cccc(NC(=O)c2ccc3c(=O)n(-c4ccccc4)c(=O)[nH]c3c2)c1,Z166823144,382.3790000000001,2.8029800000000007,,vina + MMGBSA,-55.3,,,-9.6,
1972,,O=C(Nc1ccc(NS(=O)(=O)c2ccc3c(c2)OCCO3)cc1)c1cccc(N2CCCC2=O)c1,Z101648932,493.5410000000003,3.6377000000000015,,vina + MMGBSA,-55.27,,,-9.5,
1972,,COc1cc(C(C)=O)ccc1OCC(=O)Nc1ccc(Oc2ccccc2Cl)cc1,Z167617200,425.8680000000002,5.361000000000004,,vina + MMGBSA,-55.27,,,-9.2,
1972,,O=C(Nc1cc(Cl)ccc1N1CCOCC1)c1ccc2c(c1)S(=O)(=O)c1ccccc1C2=O,Z29620051,482.9450000000002,3.8061000000000025,,vina + MMGBSA,-55.26,,,-9.7,
1972,,Cc1ccc(NC(=O)c2ccc3ccccc3c2)cc1NS(=O)(=O)c1ccccc1,Z421522344,416.5020000000001,5.201320000000004,,vina + MMGBSA,-55.25,,,-9.4,
1972,,Cc1ccc(Cc2cnc(NC(=O)COc3ccc4c(c3)CCC(=O)N4)s2)cc1F,Z364419202,425.48500000000024,4.0836200000000025,,vina + MMGBSA,-55.22,,,-9.6,
1972,,O=C(Nc1ccc(F)c(S(=O)(=O)N2CCOCC2)c1)C(Sc1ccccc1)c1ccccc1,Z29609804,486.5900000000002,4.318700000000003,,vina + MMGBSA,-55.2,,,-9.6,
1972,,Cc1ccccc1-c1cc(C(=O)NC2=NCN(Cc3ccccc3)N2)c2cnn(C(C)C)c2n1,Z826765314,453.5500000000001,4.051320000000003,,vina + MMGBSA,-55.18,,,-9.2,
1972,,Cc1cccc(C(=O)Nc2cc(S(=O)(=O)N3CCOCC3)ccc2N2CCCC2)c1C,Z26531360,443.56900000000036,3.176840000000001,,vina + MMGBSA,-55.17,,,-9.4,
1972,,C[NH+](C)C(CNC(=O)c1cccc(S(=O)(=O)N2CCCc3ccccc32)c1)c1ccccc1,Z29313080,464.6110000000003,2.4436999999999998,,vina + MMGBSA,-55.11,,,-9.3,
1972,,Cc1ccc(NC(=O)c2cc(-c3ccco3)nc3ccccc23)cc1S(=O)(=O)N1CCOCC1,Z26476766,477.5420000000002,4.076420000000003,,vina + MMGBSA,-55.09,,,-9.9,
1972,,Cc1c(C#N)c(NC(=O)CN2NN=C(c3ccccc3)N2)n(Cc2ccccc2)c1C,Z124170076,413.4850000000001,2.6500200000000005,,vina + MMGBSA,-55.09,,,-9.5,
1972,,O=C(NC(c1ccccc1)c1ccc2nc[nH]c2c1)C1CCCC(O)C1,Z1786613291,349.434,3.319600000000002,,vina + MMGBSA,-55.08,,,-9.8,
1972,,Cc1cccc(NC(=O)C[NH+]2CCN(CC(=O)Nc3ccc4c(c3)OCCCO4)CC2)c1C,Z65198616,453.5630000000002,1.242440000000003,,vina + MMGBSA,-55.08,,,-9.6,
1972,,CS(=O)(=O)c1ccc2nc(NC(=O)C3c4ccccc4Oc4ccccc43)sc2c1,Z28180068,436.5140000000002,4.576100000000002,,vina + MMGBSA,-55.05,,,-11.0,
1972,,NC(=O)c1nn(CC(=O)Nc2ccc(N3CC[NH+](Cc4ccccc4)CC3)cc2)c(=O)c2ccccc12,Z70838629,497.5790000000002,1.039200000000001,,vina + MMGBSA,-55.03,,,-10.3,
1972,,CC(C)CCn1nc(C(=O)Nc2nc(-c3ccc(F)cc3)cs2)c2ccccc2c1=O,Z27861831,436.51200000000017,4.957500000000003,,vina + MMGBSA,-55.03,,,-9.3,
1972,,Cc1nn(Cc2ccccc2)c2sc(C(=O)Nc3cc(S(C)(=O)=O)ccc3Cl)cc12,Z29030204,459.9800000000002,4.763720000000004,,vina + MMGBSA,-55.01,,,-9.2,
1972,,CCCn1nc(C(=O)Nc2cccc(S(=O)(=O)N3CCOCC3)c2)c2ccccc2c1=O,Z30000583,456.5240000000002,2.0796999999999994,,vina + MMGBSA,-54.99,,,-9.5,
1972,,Cn1nnnc1-c1cccc(NC(=O)C(c2ccccc2)c2ccccc2)c1,Z220413862,369.4280000000001,3.647700000000002,,vina + MMGBSA,-54.99,,,-9.4,
